frame,capture_time,log_time,hmd_position_x,hmd_position_y,hmd_position_z,hmd_rotation_x,hmd_rotation_y,hmd_rotation_z,hmd_rotation_w,gaze_status,combined_gaze_forward_x,combined_gaze_forward_y,combined_gaze_forward_z,combined_gaze_position_x,combined_gaze_position_y,combined_gaze_position_z,inter_pupillary_distance_mm,left_eye_status,left_eye_forward_x,left_eye_forward_y,left_eye_forward_z,left_eye_position_x,left_eye_position_y,left_eye_position_z,left_pupil_iris_ratio,left_pupil_diameter_mm,left_iris_diameter_mm,left_eye_openness,right_eye_status,right_eye_forward_x,right_eye_forward_y,right_eye_forward_z,right_eye_position_x,right_eye_position_y,right_eye_position_z,right_pupil_iris_ratio,right_pupil_diameter_mm,right_iris_diameter_mm,right_eye_openness,focus_distance,focus_stability,time_s,time_ms,sample_dt_ms,gaze_azimuth_deg,gaze_elevation_deg,in_invalid_run,invalid_run_id,gaze_valid,left_eye_valid,right_eye_valid,blink_left,blink_right,pupil_left_out_of_bounds,pupil_right_out_of_bounds,pupil_asymmetry_exceeded,focus_distance_sentinel,focus_out_of_bounds,focus_unstable,interpolated_left_pupil,interpolated_right_pupil,excluded
725152,1000003884631745500,63875744676000,0,0,0,0,0,0,1,VALID,-0.021,-0.034,0.999,0,0,0,52.375,VALID,0.033,-0.007,0.999,-0.028,0,0,0.419,2.888,6.887,0.877,VALID,-0.021,-0.034,0.999,0.028,0,0,0.426,2.749,6.454,0.818,0.8338683,0,0,0,,-1.2042384288299293,-1.9484320243766013,false,,true,true,true,false,false,false,false,false,false,false,true,false,false,false
725153,1000003884636765600,63875744676000,0,0,0,0,0,0,1,VALID,-0.02,-0.034,0.999,0,0,0,52.375,VALID,0.033,-0.007,0.999,-0.028,0,0,0.419,2.888,6.887,0.879,VALID,-0.02,-0.034,0.999,0.028,0,0,0.426,2.749,6.454,0.824,0.8432757,0,0.0050201,5.0201,5.0201,-1.1469094417273433,-1.9484320243766013,false,,true,true,true,false,false,false,false,false,false,false,true,false,false,false
725154,1000003884641758300,63875744676000,0,0,0,0,0,0,1,VALID,-0.02,-0.034,0.999,0,0,0,52.375,VALID,0.033,-0.007,0.999,-0.028,0,0,0.419,2.887,6.887,0.882,VALID,-0.02,-0.034,0.999,0.028,0,0,0.426,2.748,6.454,0.828,0.8496581,0,0.0100128,10.0128,4.9927,-1.1469094417273433,-1.9484320243766013,false,,true,true,true,false,false,false,false,false,false,false,true,false,false,false
725155,1000003884646778400,63875744676000,0,0,0,0,0,0,1,VALID,-0.02,-0.033,0.999,0,0,0,52.375,VALID,0.033,-0.007,0.999,-0.028,0,0,0.419,2.886,6.887,0.885,VALID,-0.02,-0.033,0.999,0.028,0,0,0.426,2.747,6.454,0.832,0.8539737,0,0.0150329,15.0329,5.020099999999999,-1.1469094417273433,-1.8911040652841664,false,,true,true,true,false,false,false,false,false,false,false,true,false,false,false
725156,1000003884651797000,63875744676000,0,0,0,0,0,0,1,VALID,-0.02,-0.033,0.999,0,0,0,52.375,VALID,0.032,-0.007,0.999,-0.028,0,0,0.419,2.885,6.887,0.886,VALID,-0.02,-0.033,0.999,0.028,0,0,0.425,2.746,6.454,0.835,0.8567936,0,0.0200515,20.0515,5.018600000000001,-1.1469094417273433,-1.8911040652841664,false,,true,true,true,false,false,false,false,false,false,false,true,false,false,false
725157,1000003884656817100,63875744676000,0,0,0,0,0,0,1,VALID,-0.02,-0.032,0.999,0,0,0,52.375,VALID,0.032,-0.007,0.999,-0.028,0,0,0.419,2.885,6.887,0.888,VALID,-0.02,-0.032,0.999,0.028,0,0,0.425,2.745,6.454,0.838,0.8645837,0,0.0250716,25.0716,5.020099999999999,-1.1469094417273433,-1.833778000046647,false,,true,true,true,false,false,false,false,false,false,false,true,false,false,false
725158,1000003884661835700,63875744676000,0,0,0,0,0,0,1,VALID,-0.02,-0.032,0.999,0,0,0,52.375,VALID,0.032,-0.007,0.999,-0.028,0,0,0.419,2.884,6.887,0.89,VALID,-0.02,-0.032,0.999,0.028,0,0,0.425,2.743,6.454,0.839,0.866951,0,0.0300902,30.0902,5.018599999999999,-1.1469094417273433,-1.833778000046647,false,,true,true,true,false,false,false,false,false,false,false,true,false,false,false
725159,1000003884666855800,63875744676001,0,0,0,0,0,0,1,VALID,-0.02,-0.032,0.999,0,0,0,52.375,VALID,0.032,-0.006,0.999,-0.028,0,0,0.419,2.883,6.887,0.892,VALID,-0.02,-0.032,0.999,0.028,0,0,0.425,2.742,6.454,0.842,0.8707209,0,0.0351103,35.1103,5.020100000000003,-1.1469094417273433,-1.833778000046647,false,,true,true,true,false,false,false,false,false,false,false,true,false,false,false
725160,1000003884671874400,63875744676001,0,0,0,0,0,0,1,VALID,-0.02,-0.032,0.999,0,0,0,52.375,VALID,0.032,-0.006,0.999,-0.028,0,0,0.418,2.882,6.887,0.89,VALID,-0.02,-0.032,0.999,0.028,0,0,0.425,2.741,6.454,0.847,0.8693583,0,0.0401289,40.1289,5.018599999999999,-1.1469094417273433,-1.833778000046647,false,,true,true,true,false,false,false,false,false,false,false,true,false,false,false
725161,1000003884676869300,63875744676001,0,0,0,0,0,0,1,VALID,-0.02,-0.031,0.999,0,0,0,52.375,VALID,0.032,-0.006,0.999,-0.028,0,0,0.418,2.881,6.887,0.892,VALID,-0.02,-0.031,0.999,0.028,0,0,0.425,2.74,6.454,0.854,0.8692754,0,0.0451238,45.1238,4.994900000000001,-1.1469094417273433,-1.7764537710952644,false,,true,true,true,false,false,false,false,false,false,false,true,false,false,false
725162,1000003884681887900,63875744676001,0,0,0,0,0,0,1,VALID,-0.02,-0.031,0.999,0,0,0,52.375,VALID,0.032,-0.006,0.999,-0.028,0,0,0.418,2.88,6.887,0.894,VALID,-0.02,-0.031,0.999,0.028,0,0,0.424,2.739,6.454,0.855,0.8697525,0.3751999,0.0501424,50.1424,5.018599999999999,-1.1469094417273433,-1.7764537710952644,false,,true,true,true,false,false,false,false,false,false,false,false,false,false,false
725163,1000003884686906500,63875744676001,0,0,0,0,0,0,1,VALID,-0.02,-0.031,0.999,0,0,0,52.375,VALID,0.032,-0.006,0.999,-0.028,0,0,0.418,2.879,6.887,0.893,VALID,-0.02,-0.031,0.999,0.028,0,0,0.424,2.738,6.454,0.859,0.8681142,0.3480136,0.055161,55.161,5.018599999999999,-1.1469094417273433,-1.7764537710952644,false,,true,true,true,false,false,false,false,false,false,false,false,false,false,false
725164,1000003884691885900,63875744676001,0,0,0,0,0,0,1,VALID,-0.02,-0.032,0.999,0,0,0,52.375,VALID,0.032,-0.006,0.999,-0.028,0,0,0.418,2.878,6.887,0.896,VALID,-0.02,-0.032,0.999,0.028,0,0,0.424,2.738,6.454,0.864,0.8639259,0.3286722,0.0601404,60.1404,4.979399999999998,-1.1469094417273433,-1.833778000046647,false,,true,true,true,false,false,false,false,false,false,false,false,false,false,false
725165,1000003884696861800,63875744676001,0,0,0,0,0,0,1,VALID,-0.02,-0.033,0.999,0,0,0,52.375,VALID,0.032,-0.006,0.999,-0.028,0,0,0.418,2.877,6.887,0.895,VALID,-0.02,-0.033,0.999,0.028,0,0,0.424,2.736,6.454,0.866,0.8494494,0.3640021,0.0651163,65.1163,4.975899999999996,-1.1469094417273433,-1.8911040652841664,false,,true,true,true,false,false,false,false,false,false,false,false,false,false,false
725166,1000003884701902900,63875744676001,0,0,0,0,0,0,1,VALID,-0.02,-0.034,0.999,0,0,0,52.375,VALID,0.032,-0.006,0.999,-0.028,0,0,0.418,2.876,6.887,0.895,VALID,-0.02,-0.034,0.999,0.028,0,0,0.424,2.735,6.454,0.867,0.8364815,0.4116057,0.0701574,70.1574,5.0411,-1.1469094417273433,-1.9484320243766013,false,,true,true,true,false,false,false,false,false,false,false,false,false,false,false
725167,1000003884706924300,63875744676001,0,0,0,0,0,0,1,VALID,-0.02,-0.034,0.999,0,0,0,52.375,VALID,0.032,-0.006,0.999,-0.028,0,0,0.418,2.876,6.887,0.897,VALID,-0.02,-0.034,0.999,0.028,0,0,0.423,2.732,6.454,0.866,0.826709,0.5144989,0.0751788,75.1788,5.0214,-1.1469094417273433,-1.9484320243766013,false,,true,true,true,false,false,false,false,false,false,false,false,false,false,false
725168,1000003884711914900,63875744676001,0,0,0,0,0,0,1,VALID,-0.02,-0.034,0.999,0,0,0,52.375,VALID,0.032,-0.006,0.999,-0.028,0,0,0.417,2.875,6.887,0.896,VALID,-0.02,-0.034,0.999,0.028,0,0,0.423,2.729,6.454,0.868,0.826238,0.5987425,0.0801694,80.1694,4.990600000000001,-1.1469094417273433,-1.9484320243766013,false,,true,true,true,false,false,false,false,false,false,false,false,false,false,false
725169,1000003884716926700,63875744676001,0,0,0,0,0,0,1,VALID,-0.02,-0.034,0.999,0,0,0,52.375,VALID,0.032,-0.005,0.999,-0.028,0,0,0.417,2.874,6.887,0.896,VALID,-0.02,-0.034,0.999,0.028,0,0,0.423,2.727,6.454,0.869,0.8258686,0.6014414,0.0851812,85.1812,5.011800000000008,-1.1469094417273433,-1.9484320243766013,false,,true,true,true,false,false,false,false,false,false,false,false,false,false,false
725170,1000003884721939800,63875744676001,0,0,0,0,0,0,1,VALID,-0.02,-0.034,0.999,0,0,0,52.375,VALID,0.032,-0.005,0.999,-0.028,0,0,0.417,2.873,6.887,0.896,VALID,-0.02,-0.034,0.999,0.028,0,0,0.422,2.724,6.454,0.87,0.8263748,0.7419555,0.0901943,90.1943,5.013099999999994,-1.1469094417273433,-1.9484320243766013,false,,true,true,true,false,false,false,false,false,false,false,false,false,false,false
725171,1000003884726968600,63875744676001,0,0,0,0,0,0,1,VALID,-0.02,-0.035,0.999,0,0,0,52.375,VALID,0.032,-0.005,0.999,-0.028,0,0,0.417,2.872,6.887,0.896,VALID,-0.02,-0.035,0.999,0.028,0,0,0.422,2.722,6.454,0.87,0.8204506,0.5934829,0.0952231,95.2231,5.028800000000004,-1.1469094417273433,-2.0057619349098257,false,,true,true,true,false,false,false,false,false,false,false,false,false,false,false
725172,1000003884731981700,63875744676001,0,0,0,0,0,0,1,VALID,-0.019,-0.035,0.999,0,0,0,52.375,VALID,0.032,-0.005,0.999,-0.028,0,0,0.417,2.869,6.887,0.895,VALID,-0.019,-0.035,0.999,0.028,0,0,0.422,2.72,6.454,0.873,0.8161911,0.5977273,0.1002362,100.2362,5.013099999999994,-1.089578157748161,-2.0057619349098257,false,,true,true,true,false,false,false,false,false,false,false,false,false,false,false
725173,1000003884736994800,63875744676001,0,0,0,0,0,0,1,VALID,-0.019,-0.035,0.999,0,0,0,52.375,VALID,0.032,-0.005,0.999,-0.028,0,0,0.416,2.868,6.887,0.894,VALID,-0.019,-0.035,0.999,0.028,0,0,0.421,2.719,6.454,0.873,0.8123772,0.5054353,0.1052493,105.2493,5.0131000000000085,-1.089578157748161,-2.0057619349098257,false,,true,true,true,false,false,false,false,false,false,false,false,false,false,false
725174,1000003884742006600,63875744676001,0,0,0,0,0,0,1,VALID,-0.019,-0.036,0.999,0,0,0,52.375,VALID,0.032,-0.005,0.999,-0.028,0,0,0.416,2.866,6.887,0.893,VALID,-0.019,-0.036,0.999,0.028,0,0,0.421,2.717,6.454,0.873,0.8089929,0.4121578,0.1102611,110.2611,5.011799999999994,-1.089578157748161,-2.063093854487329,false,,true,true,true,false,false,false,false,false,false,false,false,false,false,false
725175,1000003884747010600,63875744676001,0,0,0,0,0,0,1,VALID,-0.019,-0.036,0.999,0,0,0,52.375,VALID,0.032,-0.005,0.999,-0.028,0,0,0.416,2.864,6.887,0.892,VALID,-0.019,-0.036,0.999,0.028,0,0,0.421,2.715,6.454,0.877,0.8065137,0.3992666,0.1152651,115.2651,5.004000000000005,-1.089578157748161,-2.063093854487329,false,,true,true,true,false,false,false,false,false,false,false,false,false,false,false
725176,1000003884751999800,63875744676001,0,0,0,0,0,0,1,VALID,-0.019,-0.036,0.999,0,0,0,52.375,VALID,0.032,-0.005,0.999,-0.028,0,0,0.416,2.863,6.887,0.892,VALID,-0.019,-0.036,0.999,0.028,0,0,0.42,2.713,6.454,0.879,0.8030896,0.4337446,0.1202543,120.2543,4.989199999999997,-1.089578157748161,-2.063093854487329,false,,true,true,true,false,false,false,false,false,false,false,false,false,false,false
725177,1000003884757017400,63875744676001,0,0,0,0,0,0,1,VALID,-0.018,-0.036,0.999,0,0,0,52.375,VALID,0.032,-0.005,0.999,-0.028,0,0,0.415,2.861,6.887,0.893,VALID,-0.018,-0.036,0.999,0.028,0,0,0.42,2.711,6.454,0.878,0.7991894,0.448089,0.1252719,125.2719,5.017600000000002,-1.032244691565731,-2.063093854487329,false,,true,true,true,false,false,false,false,false,false,false,false,false,false,false
725178,1000003884762084100,63875744676001,0,0,0,0,0,0,1,VALID,-0.018,-0.037,0.999,0,0,0,52.375,VALID,0.032,-0.005,0.999,-0.028,0,0,0.415,2.86,6.887,0.889,VALID,-0.018,-0.037,0.999,0.028,0,0,0.42,2.71,6.454,0.881,0.7939894,0.4687098,0.1303386,130.3386,5.0667000000000115,-1.032244691565731,-2.120427840730745,false,,true,true,true,false,false,false,false,false,false,false,false,false,false,false
725179,1000003884767079500,63875744676001,0,0,0,0,0,0,1,VALID,-0.018,-0.037,0.999,0,0,0,52.375,VALID,0.032,-0.005,0.999,-0.028,0,0,0.415,2.858,6.887,0.886,VALID,-0.018,-0.037,0.999,0.028,0,0,0.42,2.708,6.454,0.882,0.7891431,0.5012683,0.135334,135.334,4.995399999999989,-1.032244691565731,-2.120427840730745,false,,true,true,true,false,false,false,false,false,false,false,false,false,false,false
725180,1000003884772091900,63875744676001,0,0,0,0,0,0,1,VALID,-0.018,-0.037,0.999,0,0,0,52.375,VALID,0.032,-0.005,0.999,-0.028,0,0,0.415,2.857,6.887,0.887,VALID,-0.018,-0.037,0.999,0.028,0,0,0.419,2.707,6.454,0.882,0.7843742,0.5260853,0.1403464,140.3464,5.012399999999985,-1.032244691565731,-2.120427840730745,false,,true,true,true,false,false,false,false,false,false,false,false,false,false,false
725181,1000003884777117000,63875744676001,0,0,0,0,0,0,1,VALID,-0.018,-0.038,0.999,0,0,0,52.375,VALID,0.032,-0.004,0.999,-0.028,0,0,0.414,2.855,6.887,0.887,VALID,-0.018,-0.038,0.999,0.028,0,0,0.419,2.705,6.454,0.883,0.7792032,0.5231228,0.1453715,145.3715,5.025100000000009,-1.032244691565731,-2.1777639512803675,false,,true,true,true,false,false,false,false,false,false,false,false,false,false,false
725182,1000003884782129400,63875744676001,0,0,0,0,0,0,1,VALID,-0.018,-0.038,0.999,0,0,0,52.375,VALID,0.032,-0.004,0.999,-0.028,0,0,0.414,2.853,6.887,0.885,VALID,-0.018,-0.038,0.999,0.028,0,0,0.419,2.703,6.454,0.884,0.7743719,0.5467602,0.1503839,150.3839,5.012400000000014,-1.032244691565731,-2.1777639512803675,false,,true,true,true,false,false,false,false,false,false,false,false,false,false,false
725183,1000003884787142500,63875744676001,0,0,0,0,0,0,1,VALID,-0.018,-0.038,0.999,0,0,0,52.375,VALID,0.032,-0.004,0.999,-0.028,0,0,0.414,2.852,6.887,0.883,VALID,-0.018,-0.038,0.999,0.028,0,0,0.419,2.701,6.454,0.884,0.7687284,0.5604393,0.155397,155.397,5.01309999999998,-1.032244691565731,-2.1777639512803675,false,,true,true,true,false,false,false,false,false,false,false,false,false,false,false
725184,1000003884792154900,63875744676001,0,0,0,0,0,0,1,VALID,-0.018,-0.039,0.999,0,0,0,52.375,VALID,0.032,-0.004,0.999,-0.028,0,0,0.414,2.851,6.887,0.882,VALID,-0.018,-0.039,0.999,0.028,0,0,0.418,2.699,6.454,0.884,0.7645019,0.6513069,0.1604094,160.4094,5.012400000000014,-1.032244691565731,-2.2351022437956822,false,,true,true,true,false,false,false,false,false,false,false,false,false,false,false
725185,1000003884797168000,63875744676001,0,0,0,0,0,0,1,VALID,-0.017,-0.039,0.999,0,0,0,52.375,VALID,0.032,-0.004,0.999,-0.028,0,0,0.414,2.849,6.887,0.883,VALID,-0.017,-0.039,0.999,0.028,0,0,0.418,2.696,6.454,0.883,0.7606121,0.6582366,0.1654225,165.4225,5.0131000000000085,-0.9749091578796126,-2.2351022437956822,false,,true,true,true,false,false,false,false,false,false,false,false,false,false,false
725186,1000003884802157500,63875744676001,0,0,0,0,0,0,1,VALID,-0.017,-0.039,0.999,0,0,0,52.375,VALID,0.032,-0.004,0.999,-0.028,0,0,0.414,2.848,6.887,0.884,VALID,-0.017,-0.039,0.999,0.028,0,0,0.418,2.695,6.454,0.881,0.7559707,0.6629525,0.170412,170.412,4.9894999999999925,-0.9749091578796126,-2.2351022437956822,false,,true,true,true,false,false,false,false,false,false,false,false,false,false,false
725187,1000003884807134500,63875744676001,0,0,0,0,0,0,1,VALID,-0.017,-0.039,0.999,0,0,0,52.375,VALID,0.032,-0.004,0.999,-0.028,0,0,0.413,2.847,6.887,0.882,VALID,-0.017,-0.039,0.999,0.028,0,0,0.417,2.693,6.454,0.882,0.7517361,0.7602662,0.175389,175.389,4.977000000000004,-0.9749091578796126,-2.2351022437956822,false,,true,true,true,false,false,false,false,false,false,false,false,false,false,false
725188,1000003884812162500,63875744676001,0,0,0,0,0,0,1,VALID,-0.017,-0.04,0.999,0,0,0,52.375,VALID,0.032,-0.004,0.999,-0.028,0,0,0.413,2.846,6.887,0.878,VALID,-0.017,-0.04,0.999,0.028,0,0,0.417,2.692,6.454,0.88,0.7454416,0.7374444,0.180417,180.417,5.027999999999992,-0.9749091578796126,-2.292442775955887,false,,true,true,true,false,false,false,false,false,false,false,false,false,false,false
725189,1000003884817225800,63875744676001,0,0,0,0,0,0,1,VALID,-0.017,-0.04,0.999,0,0,0,52.375,VALID,0.032,-0.004,0.999,-0.028,0,0,0.413,2.842,6.887,0.88,VALID,-0.017,-0.04,0.999,0.028,0,0,0.416,2.688,6.454,0.879,0.7379642,0.7330105,0.1854803,185.4803,5.063299999999998,-0.9749091578796126,-2.292442775955887,false,,true,true,true,false,false,false,false,false,false,false,false,false,false,false
725190,1000003884822243400,63875744676001,0,0,0,0,0,0,1,VALID,-0.016,-0.039,0.999,0,0,0,52.375,VALID,0.032,-0.002,0.999,-0.028,0,0,0.411,2.831,6.887,0.877,VALID,-0.016,-0.039,0.999,0.028,0,0,0.416,2.683,6.454,0.88,0.7234049,0.6589322,0.1904979,190.4979,5.017599999999987,-0.9175716714142002,-2.2351022437956822,false,,true,true,true,false,false,false,false,false,false,false,false,false,false,false
725191,1000003884827204800,63875744676001,0,0,0,0,0,0,1,VALID,-0.006,-0.034,0.999,0,0,0,52.375,VALID,0.034,0.005,0.999,-0.028,0,0,0.411,2.83,6.887,0.871,VALID,-0.006,-0.034,0.999,0.028,0,0,0.417,2.691,6.454,0.88,0.7143898,0,0.1954593,195.4593,4.961400000000026,-0.34411465826711285,-1.9484320243766013,false,,true,true,true,false,false,false,false,false,false,false,true,false,false,false
725192,1000003884832222400,63875744676001,0,0,0,0,0,0,1,VALID,-0.005,-0.012,1,0,0,0,52.375,VALID,0.036,0.02,0.999,-0.028,0,0,0.409,2.819,6.887,0.865,VALID,-0.005,-0.012,1,0.028,0,0,0.417,2.688,6.454,0.879,2,0,0.2004769,200.4769,5.017599999999987,-0.2864765102770745,-0.6875658564108561,false,,true,true,true,false,false,false,false,false,false,false,true,false,false,false
725193,1000003884837240000,63875744676001,0,0,0,0,0,0,1,VALID,-0.004,0.011,1,0,0,0,52.375,VALID,0.04,0.043,0.998,-0.028,0,0,0.408,2.809,6.887,0.851,VALID,-0.004,0.011,1,0.028,0,0,0.415,2.68,6.454,0.878,0.8378082,0,0.2054945,205.4945,5.017599999999987,-0.22918189575410042,0.6302662854497764,false,,true,true,true,false,false,false,false,false,false,false,true,false,false,false
725194,1000003884842263500,63875744676001,0,0,0,0,0,0,1,VALID,-0.004,0.035,0.999,0,0,0,52.375,VALID,0.044,0.067,0.997,-0.028,0,0,0.406,2.797,6.887,0.837,VALID,-0.004,0.035,0.999,0.028,0,0,0.415,2.675,6.454,0.876,0.8029097,0,0.210518,210.518,5.023500000000013,-0.22941130461046613,2.0057619349098257,false,,true,true,true,false,false,false,false,false,false,false,true,false,false,false
725195,1000003884847281100,63875744676001,0,0,0,0,0,0,1,VALID,-0.005,0.057,0.998,0,0,0,52.375,VALID,0.049,0.088,0.995,-0.028,0,0,0.404,2.784,6.887,0.826,VALID,-0.005,0.057,0.998,0.028,0,0,0.414,2.67,6.454,0.878,0.7672537,0,0.2155356,215.5356,5.017599999999987,-0.28705060190314763,3.267630485720823,false,,true,true,true,false,false,false,false,false,false,false,true,false,false,false
725196,1000003884852298700,63875744676001,0,0,0,0,0,0,1,VALID,-0.006,0.074,0.997,0,0,0,52.375,VALID,0.053,0.105,0.993,-0.028,0,0,0.403,2.779,6.887,0.812,VALID,-0.006,0.074,0.997,0.028,0,0,0.412,2.661,6.454,0.881,0.7334318,0,0.2205532,220.5532,5.017600000000016,-0.3448049418344468,4.243766854803649,false,,true,true,true,false,false,false,false,false,false,false,true,false,false,false
725197,1000003884857316300,63875744676001,0,0,0,0,0,0,1,VALID,-0.007,0.087,0.996,0,0,0,52.375,VALID,0.057,0.117,0.992,-0.028,0,0,0.403,2.774,6.887,0.803,VALID,-0.007,0.087,0.996,0.028,0,0,0.411,2.656,6.454,0.887,0.7113953,0,0.2255708,225.5708,5.017599999999987,-0.4026745514529658,4.991042573144861,false,,true,true,true,false,false,false,false,false,false,false,true,false,false,false
725198,1000003884862284700,63875744676001,0,0,0,0,0,0,1,VALID,-0.008,0.097,0.995,0,0,0,52.375,VALID,0.06,0.125,0.99,-0.028,0,0,0.402,2.772,6.887,0.798,VALID,-0.008,0.097,0.995,0.028,0,0,0.411,2.653,6.454,0.894,0.6967396,0,0.2305392,230.5392,4.968400000000003,-0.4606596577738017,5.566443107310412,false,,true,true,true,false,false,false,false,false,false,false,true,false,false,false
725199,1000003884867302300,63875744676001,0,0,0,0,0,0,1,VALID,-0.009,0.104,0.995,0,0,0,52.375,VALID,0.063,0.13,0.989,-0.028,0,0,0.402,2.77,6.887,0.792,VALID,-0.009,0.104,0.995,0.028,0,0,0.411,2.651,6.454,0.901,0.684825,0,0.2355568,235.5568,5.017600000000016,-0.5182391488981603,5.969555350215054,false,,true,true,true,false,false,false,false,false,false,false,true,false,false,false
725200,1000003884872325800,63875744676001,0,0,0,0,0,0,1,VALID,-0.008,0.101,0.995,0,0,0,52.375,VALID,0.065,0.134,0.989,-0.028,0,0,0.402,2.77,6.887,0.789,VALID,-0.008,0.101,0.995,0.028,0,0,0.411,2.651,6.454,0.909,0.6350995,0,0.2405803,240.5803,5.023499999999984,-0.4606596577738017,5.796757820626846,false,,true,true,true,false,false,false,false,false,false,false,true,false,false,false
725201,1000003884877367000,63875744676001,0,0,0,0,0,0,1,VALID,-0.006,0.099,0.995,0,0,0,52.375,VALID,0.067,0.136,0.988,-0.028,0,0,0.402,2.769,6.887,0.786,VALID,-0.006,0.099,0.995,0.028,0,0,0.411,2.651,6.454,0.915,0.6048359,0,0.2456215,245.6215,5.0412000000000035,-0.3454980003103955,5.681588950519801,false,,true,true,true,false,false,false,false,false,false,false,true,false,false,false
725202,1000003884882390500,63875744676001,0,0,0,0,0,0,1,VALID,-0.005,0.098,0.995,0,0,0,52.375,VALID,0.068,0.138,0.988,-0.028,0,0,0.402,2.768,6.887,0.784,VALID,-0.005,0.098,0.995,0.028,0,0,0.411,2.651,6.454,0.922,0.5853839,0,0.250645,250.645,5.023500000000013,-0.28791606655709323,5.624013180483932,false,,true,true,true,false,false,false,false,false,false,false,true,false,false,false
725203,1000003884887414900,63875744676002,0,0,0,0,0,0,1,VALID,-0.004,0.098,0.995,0,0,0,52.375,VALID,0.069,0.139,0.988,-0.028,0,0,0.402,2.767,6.887,0.784,VALID,-0.004,0.098,0.995,0.028,0,0,0.411,2.651,6.454,0.927,0.5715324,0,0.2556694,255.6694,5.024399999999986,-0.2303335511949248,5.624013180483932,false,,true,true,true,false,false,false,false,false,false,false,true,false,false,false
725204,1000003884892439300,63875744676002,0,0,0,0,0,0,1,VALID,-0.003,0.097,0.995,0,0,0,52.375,VALID,0.07,0.141,0.988,-0.028,0,0,0.402,2.766,6.887,0.783,VALID,-0.003,0.097,0.995,0.028,0,0,0.411,2.652,6.454,0.932,0.5618939,0,0.2606938,260.6938,5.024400000000014,-0.17275057053720405,5.566443107310412,false,,true,true,true,false,false,false,false,false,false,false,true,false,false,false
725205,1000003884897465600,63875744676002,0,0,0,0,0,0,1,VALID,-0.001,0.097,0.995,0,0,0,52.375,VALID,0.071,0.142,0.987,-0.028,0,0,0.401,2.765,6.887,0.78,VALID,-0.001,0.097,0.995,0.028,0,0,0.411,2.652,6.454,0.936,0.5570679,0,0.2657201,265.7201,5.026299999999992,-0.057583678615148653,5.566443107310412,false,,true,true,true,false,false,false,false,false,false,false,true,false,false,false
725206,1000003884902489100,63875744676002,0,0,0,0,0,0,1,VALID,0,0.098,0.995,0,0,0,52.375,VALID,0.072,0.142,0.987,-0.028,0,0,0.401,2.764,6.887,0.78,VALID,0,0.098,0.995,0.028,0,0,0.411,2.652,6.454,0.94,0.5585487,0,0.2707436,270.7436,5.023500000000013,0,5.624013180483932,false,,true,true,true,false,false,false,false,false,false,false,true,false,false,false
725207,1000003884907384600,63875744676002,0,0,0,0,0,0,1,VALID,0.001,0.098,0.995,0,0,0,52.375,VALID,0.072,0.143,0.987,-0.028,0,0,0.401,2.763,6.887,0.781,VALID,0.001,0.098,0.995,0.028,0,0,0.411,2.652,6.454,0.943,0.558642,0,0.2756391,275.6391,4.89549999999997,0.057583678615148653,5.624013180483932,false,,true,true,true,false,false,false,false,false,false,false,true,false,false,false
725208,1000003884912408100,63875744676002,0,0,0,0,0,0,1,VALID,-0.001,0.104,0.995,0,0,0,52.375,VALID,0.072,0.143,0.987,-0.028,0,0,0.401,2.762,6.887,0.78,VALID,-0.001,0.104,0.995,0.028,0,0,0.411,2.652,6.454,0.946,0.5838962,0,0.2806626,280.6626,5.023500000000013,-0.057583678615148653,5.969555350215054,false,,true,true,true,false,false,false,false,false,false,false,true,false,false,false
725209,1000003884917434400,63875744676002,0,0,0,0,0,0,1,VALID,-0.002,0.108,0.994,0,0,0,52.375,VALID,0.073,0.144,0.987,-0.028,0,0,0.401,2.76,6.887,0.778,VALID,-0.002,0.108,0.994,0.028,0,0,0.411,2.652,6.454,0.948,0.6009879,0,0.2856889,285.6889,5.026299999999992,-0.11528310300573016,6.200037132516382,false,,true,true,true,false,false,false,false,false,false,false,true,false,false,false
725210,1000003884922457900,63875744676002,0,0,0,0,0,0,1,VALID,-0.002,0.106,0.994,0,0,0,52.375,VALID,0.073,0.144,0.987,-0.028,0,0,0.401,2.759,6.887,0.778,VALID,-0.002,0.106,0.994,0.028,0,0,0.411,2.652,6.454,0.95,0.5892494,0,0.2907124,290.7124,5.023500000000013,-0.11528310300573016,6.084783886988222,false,,true,true,true,false,false,false,false,false,false,false,true,false,false,false
725211,1000003884927484200,63875744676002,0,0,0,0,0,0,1,VALID,-0.003,0.109,0.994,0,0,0,52.375,VALID,0.073,0.144,0.987,-0.028,0,0,0.4,2.758,6.887,0.778,VALID,-0.003,0.109,0.994,0.028,0,0,0.411,2.651,6.454,0.952,0.6031176,0,0.2957387,295.7387,5.026299999999992,-0.17292436281287646,6.2576731718265854,false,,true,true,true,false,false,false,false,false,false,false,true,false,false,false
725212,1000003884932518800,63875744676002,0,0,0,0,0,0,1,VALID,-0.003,0.112,0.994,0,0,0,52.375,VALID,0.073,0.145,0.987,-0.028,0,0,0.4,2.757,6.887,0.777,VALID,-0.003,0.112,0.994,0.028,0,0,0.411,2.65,6.454,0.954,0.6139561,0,0.3007733,300.7733,5.034600000000012,-0.17292436281287646,6.430619681004724,false,,true,true,true,false,false,false,false,false,false,false,true,false,false,false
725213,1000003884937545100,63875744676002,0,0,0,0,0,0,1,VALID,-0.004,0.114,0.993,0,0,0,52.375,VALID,0.073,0.145,0.987,-0.028,0,0,0.4,2.757,6.887,0.776,VALID,-0.004,0.114,0.993,0.028,0,0,0.411,2.649,6.454,0.955,0.6200414,0,0.3057996,305.7996,5.026299999999992,-0.2307974606855226,6.545949951906636,false,,true,true,true,false,false,false,false,false,false,false,true,false,false,false
725214,1000003884942571400,63875744676002,0,0,0,0,0,0,1,VALID,-0.005,0.116,0.993,0,0,0,52.375,VALID,0.073,0.145,0.987,-0.028,0,0,0.4,2.755,6.887,0.775,VALID,-0.005,0.116,0.993,0.028,0,0,0.41,2.649,6.454,0.957,0.6220773,0,0.3108259,310.8259,5.026299999999992,-0.2884959481382839,6.66130686748525,false,,true,true,true,false,false,false,false,false,false,false,true,false,false,false
725215,1000003884947597700,63875744676002,0,0,0,0,0,0,1,VALID,-0.006,0.117,0.993,0,0,0,52.375,VALID,0.074,0.145,0.987,-0.028,0,0,0.4,2.754,6.887,0.775,VALID,-0.006,0.117,0.993,0.028,0,0,0.41,2.647,6.454,0.958,0.621509,0,0.3158522,315.8522,5.026299999999992,-0.3461938504609649,6.718995468993778,false,,true,true,true,false,false,false,false,false,false,false,true,false,false,false
725216,1000003884952632300,63875744676002,0,0,0,0,0,0,1,VALID,-0.007,0.118,0.993,0,0,0,52.375,VALID,0.074,0.145,0.987,-0.028,0,0,0.4,2.754,6.887,0.776,VALID,-0.007,0.118,0.993,0.028,0,0,0.41,2.646,6.454,0.959,0.6193966,0,0.3208868,320.8868,5.034600000000012,-0.40389105064321484,6.776690914155872,false,,true,true,true,false,false,false,false,false,false,false,true,false,false,false
725217,1000003884957614700,63875744676002,0,0,0,0,0,0,1,VALID,-0.008,0.119,0.993,0,0,0,52.375,VALID,0.074,0.146,0.987,-0.028,0,0,0.4,2.753,6.887,0.776,VALID,-0.008,0.119,0.993,0.028,0,0,0.41,2.645,6.454,0.96,0.6157492,0,0.3258692,325.8692,4.982399999999984,-0.4615874316832269,6.834393263931813,false,,true,true,true,false,false,false,false,false,false,false,true,false,false,false
725218,1000003884962530000,63875744676002,0,0,0,0,0,0,1,VALID,-0.009,0.12,0.993,0,0,0,52.375,VALID,0.074,0.146,0.987,-0.028,0,0,0.4,2.752,6.887,0.775,VALID,-0.009,0.12,0.993,0.028,0,0,0.41,2.644,6.454,0.961,0.6114174,0,0.3307845,330.7845,4.915300000000002,-0.5192828765891615,6.89210257934638,false,,true,true,true,false,false,false,false,false,false,false,true,false,false,false
725219,1000003884967556300,63875744676002,0,0,0,0,0,0,1,VALID,-0.01,0.12,0.993,0,0,0,52.375,VALID,0.074,0.146,0.987,-0.028,0,0,0.399,2.751,6.887,0.775,VALID,-0.01,0.12,0.993,0.028,0,0,0.409,2.643,6.454,0.962,0.6068625,0,0.3358108,335.8108,5.026299999999992,-0.5769772683805694,6.89210257934638,false,,true,true,true,false,false,false,false,false,false,false,true,false,false,false
725220,1000003884972589900,63875744676002,0,0,0,0,0,0,1,VALID,-0.011,0.121,0.993,0,0,0,52.375,VALID,0.074,0.146,0.987,-0.028,0,0,0.399,2.75,6.887,0.774,VALID,-0.011,0.121,0.993,0.028,0,0,0.409,2.642,6.454,0.963,0.6024135,0,0.3408444,340.8444,5.033600000000035,-0.6346704900898141,6.949818921489467,false,,true,true,true,false,false,false,false,false,false,false,true,false,false,false
725221,1000003884977747900,63875744676002,0,0,0,0,0,0,1,VALID,-0.012,0.121,0.993,0,0,0,52.375,VALID,0.074,0.146,0.987,-0.028,0,0,0.399,2.75,6.887,0.775,VALID,-0.012,0.121,0.993,0.028,0,0,0.409,2.641,6.454,0.963,0.5981432,0,0.3460024,346.0024,5.1580000000000155,-0.692362424763495,6.949818921489467,false,,true,true,true,false,false,false,false,false,false,false,true,false,false,false
725222,1000003884982730300,63875744676002,0,0,0,0,0,0,1,VALID,-0.013,0.122,0.992,0,0,0,52.375,VALID,0.074,0.146,0.986,-0.028,0,0,0.399,2.749,6.887,0.774,VALID,-0.013,0.122,0.992,0.028,0,0,0.409,2.64,6.454,0.964,0.5942256,0,0.3509848,350.9848,4.982399999999984,-0.7508089707229472,7.007542351516696,false,,true,true,true,false,false,false,false,false,false,false,true,false,false,false
725223,1000003884987589900,63875744676002,0,0,0,0,0,0,1,VALID,-0.014,0.122,0.992,0,0,0,52.375,VALID,0.074,0.147,0.986,-0.028,0,0,0.399,2.749,6.887,0.774,VALID,-0.014,0.122,0.992,0.028,0,0,0.409,2.64,6.454,0.965,0.5904288,0,0.3558444,355.8444,4.8596,-0.808556113237618,7.007542351516696,false,,true,true,true,false,false,false,false,false,false,false,true,false,false,false
725224,1000003884992623500,63875744676002,0,0,0,0,0,0,1,VALID,-0.014,0.122,0.992,0,0,0,52.375,VALID,0.074,0.147,0.986,-0.028,0,0,0.399,2.749,6.887,0.774,VALID,-0.014,0.122,0.992,0.028,0,0,0.409,2.64,6.454,0.965,0.5871825,0,0.360878,360.878,5.0335999999999785,-0.808556113237618,7.007542351516696,false,,true,true,true,false,false,false,false,false,false,false,true,false,false,false
725225,1000003884997657100,63875744676002,0,0,0,0,0,0,1,VALID,-0.015,0.122,0.992,0,0,0,52.375,VALID,0.074,0.147,0.986,-0.028,0,0,0.399,2.748,6.887,0.774,VALID,-0.015,0.122,0.992,0.028,0,0,0.409,2.64,6.454,0.966,0.5842775,0,0.3659116,365.9116,5.033600000000035,-0.8663016129994625,7.007542351516696,false,,true,true,true,false,false,false,false,false,false,false,true,false,false,false
725226,1000003885002674200,63875744676002,0,0,0,0,0,0,1,VALID,-0.015,0.123,0.992,0,0,0,52.375,VALID,0.074,0.147,0.986,-0.028,0,0,0.399,2.748,6.887,0.774,VALID,-0.015,0.123,0.992,0.028,0,0,0.409,2.639,6.454,0.966,0.5816353,0,0.3709287,370.9287,5.017099999999971,-0.8663016129994625,7.065272930650028,false,,true,true,true,false,false,false,false,false,false,false,true,false,false,false
725227,1000003885007647400,63875744676002,0,0,0,0,0,0,1,VALID,-0.014,0.12,0.993,0,0,0,52.375,VALID,0.074,0.147,0.986,-0.028,0,0,0.399,2.747,6.887,0.773,VALID,-0.014,0.12,0.993,0.028,0,0,0.409,2.639,6.454,0.967,0.5835257,0,0.3759019,375.9019,4.97320000000002,-0.8077419652702664,6.89210257934638,false,,true,true,true,false,false,false,false,false,false,false,true,false,false,false
725228,1000003885012664500,63875744676002,0,0,0,0,0,0,1,VALID,-0.014,0.121,0.993,0,0,0,52.375,VALID,0.074,0.147,0.986,-0.028,0,0,0.399,2.747,6.887,0.772,VALID,-0.014,0.121,0.993,0.028,0,0,0.409,2.639,6.454,0.967,0.5820304,0,0.380919,380.919,5.017099999999971,-0.8077419652702664,6.949818921489467,false,,true,true,true,false,false,false,false,false,false,false,true,false,false,false
725229,1000003885017689300,63875744676002,0,0,0,0,0,0,1,VALID,-0.014,0.121,0.993,0,0,0,52.375,VALID,0.074,0.147,0.986,-0.028,0,0,0.399,2.746,6.887,0.772,VALID,-0.014,0.121,0.993,0.028,0,0,0.409,2.639,6.454,0.968,0.5810243,0,0.3859438,385.9438,5.0248000000000275,-0.8077419652702664,6.949818921489467,false,,true,true,true,false,false,false,false,false,false,false,true,false,false,false
725230,1000003885022706400,63875744676002,0,0,0,0,0,0,1,VALID,-0.015,0.121,0.993,0,0,0,52.375,VALID,0.074,0.147,0.986,-0.028,0,0,0.399,2.746,6.887,0.772,VALID,-0.015,0.121,0.993,0.028,0,0,0.409,2.64,6.454,0.968,0.5798037,0.0978217,0.3909609,390.9609,5.017099999999971,-0.8654293372805256,6.949818921489467,false,,true,true,true,false,false,false,false,false,false,false,true,false,false,false
725231,1000003885027686500,63875744676002,0,0,0,0,0,0,1,VALID,-0.015,0.122,0.992,0,0,0,52.375,VALID,0.074,0.147,0.986,-0.028,0,0,0.399,2.745,6.887,0.771,VALID,-0.015,0.122,0.992,0.028,0,0,0.409,2.64,6.454,0.969,0.5789346,0.09597003,0.395941,395.941,4.980099999999993,-0.8663016129994625,7.007542351516696,false,,true,true,true,false,false,false,false,false,false,false,true,false,false,false
725232,1000003885032703600,63875744676002,0,0,0,0,0,0,1,VALID,-0.014,0.12,0.993,0,0,0,52.375,VALID,0.074,0.147,0.986,-0.028,0,0,0.399,2.745,6.887,0.771,VALID,-0.014,0.12,0.993,0.028,0,0,0.409,2.64,6.454,0.969,0.5813488,0,0.4009581,400.9581,5.017100000000028,-0.8077419652702664,6.89210257934638,false,,true,true,true,false,false,false,false,false,false,false,true,false,false,false
725233,1000003885037725000,63875744676002,0,0,0,0,0,0,1,VALID,-0.014,0.121,0.993,0,0,0,52.375,VALID,0.074,0.147,0.986,-0.028,0,0,0.399,2.745,6.887,0.771,VALID,-0.014,0.121,0.993,0.028,0,0,0.409,2.64,6.454,0.97,0.5807776,0,0.4059795,405.9795,5.021399999999971,-0.8077419652702664,6.949818921489467,false,,true,true,true,false,false,false,false,false,false,false,true,false,false,false
725234,1000003885042771100,63875744676002,0,0,0,0,0,0,1,VALID,-0.015,0.121,0.993,0,0,0,52.375,VALID,0.074,0.147,0.986,-0.028,0,0,0.399,2.745,6.887,0.771,VALID,-0.015,0.121,0.993,0.028,0,0,0.409,2.64,6.454,0.97,0.5802897,0,0.4110256,411.0256,5.046100000000024,-0.8654293372805256,6.949818921489467,false,,true,true,true,false,false,false,false,false,false,false,true,false,false,false
725235,1000003885047792500,63875744676002,0,0,0,0,0,0,1,VALID,-0.015,0.121,0.992,0,0,0,52.375,VALID,0.074,0.147,0.986,-0.028,0,0,0.399,2.745,6.887,0.772,VALID,-0.015,0.121,0.992,0.028,0,0,0.409,2.64,6.454,0.971,0.5798579,0,0.416047,416.047,5.021400000000028,-0.8663016129994625,6.949818921489467,false,,true,true,true,false,false,false,false,false,false,false,true,false,false,false
725236,1000003885052813900,63875744676002,0,0,0,0,0,0,1,VALID,-0.015,0.122,0.992,0,0,0,52.375,VALID,0.074,0.147,0.986,-0.028,0,0,0.399,2.745,6.887,0.772,VALID,-0.015,0.122,0.992,0.028,0,0,0.409,2.641,6.454,0.971,0.5794402,0,0.4210684,421.0684,5.021399999999971,-0.8663016129994625,7.007542351516696,false,,true,true,true,false,false,false,false,false,false,false,true,false,false,false
725237,1000003885057831000,63875744676002,0,0,0,0,0,0,1,VALID,-0.014,0.121,0.993,0,0,0,52.375,VALID,0.074,0.147,0.986,-0.028,0,0,0.399,2.745,6.887,0.772,VALID,-0.014,0.121,0.993,0.028,0,0,0.409,2.641,6.454,0.972,0.5808669,0,0.4260855,426.0855,5.017100000000028,-0.8077419652702664,6.949818921489467,false,,true,true,true,false,false,false,false,false,false,false,true,false,false,false
725238,1000003885062780200,63875744676002,0,0,0,0,0,0,1,VALID,-0.013,0.12,0.993,0,0,0,52.375,VALID,0.073,0.148,0.986,-0.028,0,0,0.399,2.745,6.887,0.772,VALID,-0.013,0.12,0.993,0.028,0,0,0.409,2.642,6.454,0.972,0.5832917,0,0.4310347,431.0347,4.949199999999962,-0.7500529554638674,6.89210257934638,false,,true,true,true,false,false,false,false,false,false,false,true,false,false,false
725239,1000003885067773100,63875744676002,0,0,0,0,0,0,1,VALID,-0.013,0.12,0.993,0,0,0,52.375,VALID,0.073,0.148,0.986,-0.028,0,0,0.399,2.746,6.887,0.772,VALID,-0.013,0.12,0.993,0.028,0,0,0.409,2.643,6.454,0.972,0.5833713,0,0.4360276,436.0276,4.99290000000002,-0.7500529554638674,6.89210257934638,false,,true,true,true,false,false,false,false,false,false,false,true,false,false,false
725240,1000003885072781900,63875744676002,0,0,0,0,0,0,1,VALID,-0.012,0.12,0.993,0,0,0,52.375,VALID,0.073,0.148,0.986,-0.028,0,0,0.399,2.746,6.887,0.772,VALID,-0.012,0.12,0.993,0.028,0,0,0.41,2.644,6.454,0.973,0.5878034,0,0.4410364,441.0364,5.008800000000008,-0.692362424763495,6.89210257934638,false,,true,true,true,false,false,false,false,false,false,false,true,false,false,false
725400,1000003885874781700,63875744677244,-0.017,1.173,0.042,0.026,-0.013,0.029,0.999,VALID,0.073,0.001,0.997,0,0,0,52.375,VALID,0.121,0.056,0.991,-0.028,0,0,0.431,2.967,6.887,0.804,VALID,0.073,0.001,0.997,0.028,0,0,0.447,2.886,6.454,0.655,0.4991519,0,1.2430362,1243.0362,801.9998,4.187704512283485,0.0572957890623832,false,,true,true,true,false,false,false,false,false,false,false,true,false,false,false
725401,1000003885879797500,63875744677244,-0.017,1.173,0.042,0.026,-0.013,0.029,0.999,VALID,0.071,0.004,0.997,0,0,0,52.375,VALID,0.121,0.058,0.991,-0.028,0,0,0.424,2.918,6.887,0.777,VALID,0.071,0.004,0.997,0.028,0,0,0.446,2.878,6.454,0.611,0.5159424,0,1.248052,1248.052,5.015799999999899,4.073364492861099,0.22918372921171115,false,,true,true,true,false,false,false,false,false,false,false,true,false,false,false
725402,1000003885884775400,63875744677244,-0.017,1.173,0.042,0.026,-0.013,0.029,0.999,VALID,0.073,-0.008,0.997,0,0,0,52.375,VALID,0.121,0.06,0.991,-0.028,0,0,0.415,2.858,6.887,0.755,VALID,0.073,-0.008,0.997,0.028,0,0,0.443,2.861,6.454,0.583,0.3886702,0,1.2530299,1253.0299,4.977900000000091,4.187704512283485,-0.4583711254853259,false,,true,true,true,false,false,false,false,false,false,false,true,false,false,false
725403,1000003885889800900,63875744677244,-0.017,1.173,0.042,0.026,-0.013,0.029,0.999,INVALID,,,,,,,,INVALID,,,,,,,,2.8489913059066057,,,INVALID,,,,,,,,2.865652390327758,,,,,1.2580554,1258.0554,5.025499999999965,,,false,,false,false,false,false,false,false,false,false,false,false,false,true,true,true
725404,1000003885894816700,63875744677244,-0.017,1.173,0.042,0.026,-0.013,0.029,0.999,VALID,0.079,0.011,0.997,0,0,0,52.375,VALID,0.119,0.064,0.991,-0.028,0,0,0.412,2.84,6.887,0.693,INVALID,,,,,,,,2.870295800815464,,0.548,2,0,1.2630712,1263.0712,5.015800000000127,4.530520566102757,0.6302662854497764,false,,true,true,false,false,false,false,false,false,false,false,true,false,true,false
725405,1000003885899895000,63875744677244,-0.017,1.173,0.042,0.026,-0.013,0.029,0.999,INVALID,,,,,,,,INVALID,,,,,,,,2.819844571678156,,,INVALID,,,,,,,,2.874997071097317,,,,,1.2681495,1268.1495,5.078299999999899,,,true,0,false,false,false,false,false,false,false,false,false,false,false,true,true,true
725406,1000003885904910800,63875744677244,-0.017,1.173,0.042,0.026,-0.013,0.029,0.999,INVALID,,,,,,,,INVALID,,,,,,,,2.799937201617958,,,INVALID,,,,,,,,2.879640481585023,,,,,1.2731653,1273.1653,5.015799999999899,,,true,0,false,false,false,false,false,false,false,false,false,false,false,true,true,true
725407,1000003885909899800,63875744677244,-0.017,1.173,0.042,0.026,-0.013,0.029,0.999,INVALID,,,,,,,,INVALID,,,,,,,,2.780136198940353,,,INVALID,,,,,,,,2.884259081792999,,,,,1.2781543,1278.1543,4.989000000000033,,,true,0,false,false,false,false,false,false,false,false,false,false,false,true,true,true
725408,1000003885914890900,63875744677244,-0.017,1.173,0.042,0.026,-0.013,0.029,0.999,INVALID,,,,,,,,INVALID,,,,,,,,2.7603268615051557,,,INVALID,,,,,,,,2.8888796260900587,,,,,1.2831454,1283.1454,4.991100000000188,,,true,0,false,false,false,false,false,false,false,false,false,false,false,true,true,true
725409,1000003885919903400,63875744677244,-0.017,1.173,0.042,0.026,-0.013,0.029,0.999,INVALID,,,,,,,,INVALID,,,,,,,,2.7404325889211725,,,INVALID,,,,,,,,2.893519981580634,,,,,1.2881579,1288.1579,5.012499999999818,,,true,0,false,false,false,false,false,false,false,false,false,false,false,true,true,true
725410,1000003885924882700,63875744677244,-0.017,1.173,0.042,0.026,-0.013,0.029,0.999,INVALID,,,,,,,,INVALID,,,,,,,,2.720670084885775,,,INVALID,,,,,,,,2.898129601948558,,,,,1.2931372,1293.1372,4.9792999999999665,,,true,0,false,false,false,false,false,false,false,false,false,false,false,true,true,true
725411,1000003885929891700,63875744677244,-0.017,1.173,0.042,0.026,-0.013,0.029,0.999,INVALID,,,,,,,,INVALID,,,,,,,,2.7007897035644435,,,INVALID,,,,,,,,2.9027667172906613,,,,,1.2981462,1298.1462,5.0090000000000146,,,true,0,false,false,false,false,false,false,false,false,false,false,false,true,true,true
725412,1000003885934902200,63875744677244,-0.017,1.173,0.042,0.026,-0.013,0.029,0.999,INVALID,,,,,,,,INVALID,,,,,,,,2.6809033688448323,,,INVALID,,,,,,,,2.907405221267824,,,,,1.3031567,1303.1567,5.010500000000093,,,true,0,false,false,false,false,false,false,false,false,false,false,false,true,true,true
725413,1000003885939907500,63875744677244,-0.017,1.173,0.042,0.026,-0.013,0.029,0.999,INVALID,,,,,,,,INVALID,,,,,,,,2.66103767257259,,,INVALID,,,,,,,,2.9120389113101135,,,,,1.308162,1308.162,5.005300000000034,,,true,0,false,false,false,false,false,false,false,false,false,false,false,true,true,true
725414,1000003885944919000,63875744677244,-0.017,1.173,0.042,0.026,-0.013,0.029,0.999,INVALID,,,,,,,,INVALID,,,,,,,,2.6411473689207923,,,INVALID,,,,,,,,2.9166783410439825,,,,,1.3131735,1313.1735,5.011500000000069,,,true,0,false,false,false,false,false,false,false,false,false,false,false,true,true,true
725415,1000003885949928600,63875744677244,-0.017,1.173,0.042,0.026,-0.013,0.029,0.999,INVALID,,,,,,,,INVALID,,,,,,,,2.6212646062401492,,,INVALID,,,,,,,,2.921316011840109,,,,,1.3181831,1318.1831,5.009599999999864,,,true,0,false,false,false,false,false,false,false,false,false,false,false,true,true,true
725416,1000003885954982300,63875744677244,-0.017,1.173,0.042,0.026,-0.013,0.029,0.999,INVALID,,,,,,,,INVALID,,,,,,,,2.601206813650089,,,INVALID,,,,,,,,2.925994508506986,,,,,1.3232368,1323.2368,5.053699999999935,,,true,0,false,false,false,false,false,false,false,false,false,false,false,true,true,true
725417,1000003885959987600,63875744677244,-0.017,1.173,0.042,0.026,-0.013,0.029,0.999,INVALID,,,,,,,,INVALID,,,,,,,,2.5813411173778467,,,INVALID,,,,,,,,2.9306281985492753,,,,,1.3282421,1328.2421,5.005300000000034,,,true,0,false,false,false,false,false,false,false,false,false,false,false,true,true,true
725418,1000003885964997200,63875744677244,-0.017,1.173,0.042,0.026,-0.013,0.029,0.999,INVALID,,,,,,,,INVALID,,,,,,,,2.561458354697203,,,INVALID,,,,,,,,2.935265869345402,,,,,1.3332517,1333.2517,5.009600000000091,,,true,0,false,false,false,false,false,false,false,false,false,false,false,true,true,true
725419,1000003885970002500,63875744677244,-0.017,1.173,0.042,0.026,-0.013,0.029,0.999,INVALID,,,,,,,,INVALID,,,,,,,,2.541592658424961,,,INVALID,,,,,,,,2.9398995593876918,,,,,1.338257,1338.257,5.005300000000034,,,true,0,false,false,false,false,false,false,false,false,false,false,false,true,true,true
725420,1000003885975019900,63875744677244,-0.017,1.173,0.042,0.026,-0.013,0.029,0.999,INVALID,,,,,,,,INVALID,,,,,,,,2.521678938073264,,,INVALID,,,,,,,,2.944544451086128,,,,,1.3432744,1343.2744,5.017399999999952,,,true,0,false,false,false,false,false,false,false,false,false,false,false,true,true,true
725421,1000003885980025200,63875744677244,-0.017,1.173,0.042,0.026,-0.013,0.029,0.999,INVALID,,,,,,,,INVALID,,,,,,,,2.5018132418010217,,,INVALID,,,,,,,,2.9491781411284177,,,,,1.3482797,1348.2797,5.005300000000034,,,true,0,false,false,false,false,false,false,false,false,false,false,false,true,true,true
725422,1000003885985034800,63875744677244,-0.017,1.173,0.042,0.026,-0.013,0.029,0.999,INVALID,,,,,,,,INVALID,,,,,,,,2.481930479120379,,,INVALID,,,,,,,,2.9538158119245446,,,,,1.3532893,1353.2893,5.009599999999864,,,true,0,false,false,false,false,false,false,false,false,false,false,false,true,true,true
725423,1000003885990155700,63875744677244,-0.017,1.173,0.042,0.026,-0.013,0.029,0.999,INVALID,,,,,,,,INVALID,,,,,,,,2.4616059742873966,,,INVALID,,,,,,,,2.9585565194420878,,,,,1.3584102,1358.4102,5.12090000000012,,,true,0,false,false,false,false,false,false,false,false,false,false,false,true,true,true
725424,1000003885995129400,63875744677244,-0.017,1.173,0.042,0.026,-0.013,0.029,0.999,INVALID,,,,,,,,INVALID,,,,,,,,2.4418656962722425,,,INVALID,,,,,,,,2.963160955572457,,,,,1.3633839,1363.3839,4.973700000000008,,,true,0,false,false,false,false,false,false,false,false,false,false,false,true,true,true
725425,1000003886000134700,63875744677244,-0.017,1.173,0.042,0.026,-0.013,0.029,0.999,VALID,0.099,-0.052,0.994,0,0,0,52.375,VALID,0.126,-0.014,0.992,-0.028,0,0,0.352,2.422,6.887,0.407,INVALID,,,,,,,,2.9677946456147466,,0.261,2,0,1.3683892,1368.3892,5.005300000000034,5.687763861085257,-2.980724878615555,false,,true,true,false,true,true,false,false,false,false,false,true,false,true,false
725426,1000003886005123700,63875744677244,-0.017,1.173,0.042,0.026,-0.013,0.029,0.999,INVALID,,,,,,,,INVALID,,,,,,,,2.510108317835785,,,INVALID,,,,,,,,2.9724132458227226,,,,,1.3733782,1373.3782,4.989000000000033,,,false,,false,false,false,false,false,false,false,false,false,false,false,true,true,true
725427,1000003886010078300,63875744677244,-0.017,1.173,0.042,0.026,-0.013,0.029,0.999,VALID,0.084,-0.044,0.996,0,0,0,52.375,INVALID,,,,,,,,2.5976091138969513,,,VALID,0.002,-0.023,1,0.028,0,0,0.461,2.977,6.454,,2,0,1.3783328,1378.3328,4.9545999999998,4.820766078092657,-2.5218284553489743,false,,true,false,true,false,false,false,false,false,false,false,true,true,false,false
725428,1000003886015083300,63875744677244,-0.017,1.173,0.042,0.026,-0.013,0.029,0.999,VALID,0.081,-0.037,0.996,0,0,0,52.375,VALID,0.116,-0.012,0.993,-0.028,0,0,0.39,2.686,6.887,0.414,VALID,0.001,-0.025,1,0.028,0,0,0.461,2.976,6.454,0.264,0.4793148,0,1.3833378,1383.3378,5.005000000000109,4.649364545800058,-2.120427840730745,false,,true,true,true,true,true,false,false,false,false,false,true,false,false,false
725429,1000003886020088900,63875744677244,-0.017,1.173,0.042,0.026,-0.013,0.029,0.999,VALID,0.075,-0.055,0.996,0,0,0,52.375,VALID,0.116,-0.015,0.993,-0.028,0,0,0.39,2.687,6.887,0.418,VALID,0.066,-0.037,0.997,0.028,0,0,0.461,2.975,6.454,0.274,0.9210226,0,1.3883434,1388.3434,5.0055999999999585,4.306314175782637,-3.152858804046428,false,,true,true,true,true,true,false,false,false,false,false,true,false,false,false
725430,1000003886025093900,63875744677244,-0.017,1.173,0.042,0.026,-0.013,0.029,0.999,VALID,0.056,-0.086,0.995,0,0,0,52.375,VALID,0.123,-0.013,0.992,-0.028,0,0,0.403,2.774,6.887,0.425,VALID,0.055,-0.078,0.995,0.028,0,0,0.461,2.974,6.454,0.29,0.4261022,0,1.3933484,1393.3484,5.005000000000109,3.2212887085136006,-4.933531230071105,false,,true,true,true,true,true,false,false,false,false,false,true,false,false,false
725431,1000003886030125100,63875744677244,-0.017,1.173,0.042,0.026,-0.013,0.029,0.999,VALID,-0.366,0.436,0.822,0,0,0,52.375,VALID,0.12,-0.014,0.993,-0.028,0,0,0.407,2.802,6.887,0.433,VALID,-0.359,0.422,0.832,0.028,0,0,0.46,2.969,6.454,0.314,,0,1.3983796,1398.3796,5.031199999999899,-24.001280965612988,25.848942513985865,false,,true,true,true,true,true,false,false,false,false,true,true,false,false,false
725432,1000003886035130400,63875744677244,-0.017,1.173,0.042,0.026,-0.013,0.029,0.999,VALID,-0.241,0.367,0.898,0,0,0,52.375,VALID,0.117,-0.014,0.993,-0.028,0,0,0.409,2.814,6.887,0.441,VALID,-0.242,0.369,0.897,0.028,0,0,0.457,2.948,6.454,0.347,,0,1.4033849,1403.3849,5.005300000000034,-15.022715627178137,21.530718060280456,false,,true,true,true,true,true,false,false,false,false,true,true,false,false,false
725433,1000003886040135700,63875744677244,-0.017,1.173,0.042,0.026,-0.013,0.029,0.999,VALID,-0.202,0.25,0.947,0,0,0,52.375,VALID,0.116,-0.012,0.993,-0.028,0,0,0.412,2.838,6.887,0.451,VALID,-0.214,0.24,0.947,0.028,0,0,0.455,2.938,6.454,0.385,,0,1.4083902,1408.3902,5.005300000000034,-12.041031967709602,14.477512185929925,false,,true,true,true,true,true,false,false,false,false,true,true,false,false,false
725434,1000003886045141000,63875744677244,-0.017,1.173,0.042,0.026,-0.013,0.029,0.999,VALID,-0.187,0.107,0.976,0,0,0,52.375,VALID,0.112,-0.005,0.994,-0.028,0,0,0.416,2.862,6.887,0.472,VALID,-0.186,0.097,0.978,0.028,0,0,0.454,2.928,6.454,0.422,,0,1.4133955,1413.3955,5.005300000000034,-10.846329613651557,6.142407391019769,false,,true,true,true,true,true,false,false,false,false,true,true,false,false,false
725435,1000003886050171800,63875744677244,-0.017,1.173,0.042,0.026,-0.013,0.029,0.999,VALID,-0.13,0.015,0.991,0,0,0,52.375,VALID,0.107,-0.001,0.994,-0.028,0,0,0.417,2.875,6.887,0.488,VALID,-0.122,0.009,0.992,0.028,0,0,0.452,2.92,6.454,0.449,0.2417095,0,1.4184263,1418.4263,5.030799999999999,-7.473422726688907,0.8594689248358217,false,,true,true,true,true,true,false,false,false,false,false,true,false,false,false
725436,1000003886055189200,63875744677244,-0.017,1.173,0.042,0.026,-0.013,0.029,0.999,VALID,-0.071,-0.036,0.997,0,0,0,52.375,VALID,0.102,0.003,0.995,-0.028,0,0,0.423,2.911,6.887,0.496,VALID,-0.064,-0.039,0.997,0.028,0,0,0.452,2.915,6.454,0.474,0.3152927,0,1.4234437,1423.4437,5.017399999999952,-4.073364492861099,-2.063093854487329,false,,true,true,true,true,true,false,false,false,false,false,true,false,false,false
725437,1000003886060194200,63875744677244,-0.017,1.173,0.042,0.026,-0.013,0.029,0.999,VALID,-0.059,0.003,0.998,0,0,0,52.375,VALID,0.098,0.006,0.995,-0.028,0,0,0.424,2.917,6.887,0.51,VALID,-0.054,0.001,0.999,0.028,0,0,0.513,3.313,6.454,0.492,0.3684333,0,1.4284487,1428.4487,5.004999999999882,-3.383287617281726,0.17188759637129902,false,,true,true,true,false,true,false,false,false,false,false,true,false,false,false
725438,1000003886065246500,63875744677244,-0.017,1.173,0.042,0.026,-0.013,0.029,0.999,VALID,-0.05,0.026,0.998,0,0,0,52.375,VALID,0.094,0.008,0.996,-0.028,0,0,0.423,2.917,6.887,0.524,VALID,-0.046,0.025,0.999,0.028,0,0,0.52,3.356,6.454,0.506,0.3928575,0,1.433501,1433.501,5.052300000000059,-2.868131940686689,1.4898581568539333,false,,true,true,true,false,false,false,false,false,false,false,true,false,false,false
725439,1000003886070226500,63875744677245,-0.017,1.173,0.042,0.026,-0.013,0.029,0.999,VALID,-0.045,0.042,0.998,0,0,0,52.375,VALID,0.09,0.009,0.996,-0.028,0,0,0.424,2.917,6.887,0.54,VALID,-0.042,0.042,0.998,0.028,0,0,0.524,3.38,6.454,0.523,0.3966217,0,1.438481,1438.481,4.980000000000018,-2.581728321498805,2.4071307900294796,false,,true,true,true,false,false,false,false,false,false,false,true,false,false,false
725440,1000003886075238900,63875744677245,-0.017,1.173,0.042,0.026,-0.013,0.029,0.999,VALID,-0.041,0.053,0.998,0,0,0,52.375,VALID,0.088,0.01,0.996,-0.028,0,0,0.424,2.918,6.887,0.549,VALID,-0.039,0.053,0.998,0.028,0,0,0.525,3.389,6.454,0.531,0.3958558,0,1.4434934,1443.4934,5.012400000000071,-2.352511745049485,3.0380997848943694,false,,true,true,true,false,false,false,false,false,false,false,true,false,false,false
725441,1000003886080242300,63875744677245,-0.017,1.173,0.042,0.026,-0.013,0.029,0.999,VALID,-0.04,0.06,0.997,0,0,0,52.375,VALID,0.085,0.011,0.996,-0.028,0,0,0.424,2.918,6.887,0.56,VALID,-0.038,0.06,0.997,0.028,0,0,0.525,3.391,6.454,0.549,0.3896511,0,1.4484968,1448.4968,5.003399999999829,-2.2974951753327764,3.439812767515196,false,,true,true,true,false,false,false,false,false,false,false,true,false,false,false
725442,1000003886085270500,63875744677245,-0.017,1.173,0.042,0.026,-0.013,0.029,0.999,VALID,-0.025,0.045,0.999,0,0,0,52.375,VALID,0.084,0.011,0.996,-0.028,0,0,0.424,2.918,6.887,0.571,VALID,-0.024,0.045,0.999,0.028,0,0,0.49,3.16,6.454,0.563,0.4733042,0,1.453525,1453.525,5.028200000000197,-1.433529116001614,2.579181051648375,false,,true,true,true,false,false,false,false,false,false,false,true,false,false,false
725443,1000003886090273900,63875744677245,-0.017,1.173,0.042,0.026,-0.013,0.029,0.999,VALID,-0.009,0.03,1,0,0,0,52.375,VALID,0.082,0.013,0.997,-0.028,0,0,0.425,2.929,6.887,0.578,VALID,-0.009,0.029,1,0.028,0,0,0.477,3.079,6.454,0.574,0.5925523,0,1.4585284,1458.5284,5.003399999999829,-0.5156480934199318,1.719131320877811,false,,true,true,true,false,false,false,false,false,false,false,true,false,false,false
725444,1000003886095276200,63875744677245,-0.017,1.173,0.042,0.026,-0.013,0.029,0.999,VALID,0.002,0.019,1,0,0,0,52.375,VALID,0.07,0.012,0.997,-0.028,0,0,0.429,2.958,6.887,0.587,VALID,0.003,0.019,1,0.028,0,0,0.472,3.048,6.454,0.592,0.8228882,0,1.4635307,1463.5307,5.002300000000105,0.11459140623778596,1.0886853200163829,false,,true,true,true,false,false,false,false,false,false,false,true,false,false,false
725445,1000003886100279600,63875744677245,-0.017,1.173,0.042,0.026,-0.013,0.029,0.999,VALID,0.012,0.011,1,0,0,0,52.375,VALID,0.183,0.011,0.983,-0.028,0,0,0.431,2.966,6.887,0.601,VALID,0.012,0.011,1,0.028,0,0,0.469,3.025,6.454,0.605,0.3234861,0,1.4685341,1468.5341,5.003400000000056,0.6875163546390998,0.6302662854497764,false,,true,true,true,false,false,false,false,false,false,false,true,false,false,false
725446,1000003886105321900,63875744677245,-0.017,1.173,0.042,0.026,-0.013,0.029,0.999,VALID,0.019,0.003,1,0,0,0,52.375,VALID,0.295,0.009,0.956,-0.028,0,0,0.431,2.967,6.887,0.615,VALID,0.019,0.003,1,0.028,0,0,0.466,3.01,6.454,0.62,,0,1.4735764,1473.5764,5.042299999999841,1.088488841864694,0.17188759637129902,false,,true,true,true,false,false,false,false,false,false,true,true,false,false,false
725447,1000003886110325300,63875744677245,-0.017,1.173,0.042,0.026,-0.013,0.029,0.999,VALID,0.025,-0.005,1,0,0,0,52.375,VALID,0.24,0.01,0.971,-0.028,0,0,0.431,2.968,6.887,0.628,VALID,0.026,-0.005,1,0.028,0,0,0.464,2.993,6.454,0.64,0.2537385,0,1.4785798,1478.5798,5.003400000000056,1.4320961841646465,-0.2864800912409137,false,,true,true,true,false,false,false,false,false,false,false,true,false,false,false
725448,1000003886115333200,63875744677245,-0.017,1.173,0.042,0.026,-0.013,0.029,0.999,VALID,0.03,-0.01,1,0,0,0,52.375,VALID,0.221,0.012,0.975,-0.028,0,0,0.431,2.967,6.887,0.64,VALID,0.03,-0.01,0.999,0.028,0,0,0.463,2.987,6.454,0.657,0.2826467,0,1.4835877,1483.5877,5.007900000000063,1.7183580016554572,-0.5729673448571527,false,,true,true,true,false,false,false,false,false,false,false,true,false,false,false
725449,1000003886120380900,63875744677245,-0.017,1.173,0.042,0.026,-0.013,0.029,0.999,VALID,0.033,-0.014,0.999,0,0,0,52.375,VALID,0.207,0.013,0.978,-0.028,0,0,0.431,2.967,6.887,0.65,VALID,0.033,-0.014,0.999,0.028,0,0,0.462,2.982,6.454,0.672,0.3082287,0,1.4886354,1488.6354,5.04769999999985,1.8919654183594745,-0.8021671187643813,false,,true,true,true,false,false,false,false,false,false,false,true,false,false,false
725450,1000003886125388800,63875744677245,-0.017,1.173,0.042,0.026,-0.013,0.029,0.999,VALID,0.036,-0.017,0.999,0,0,0,52.375,VALID,0.181,0.015,0.983,-0.028,0,0,0.431,2.968,6.887,0.658,VALID,0.036,-0.017,0.999,0.028,0,0,0.461,2.976,6.454,0.683,0.3635459,0,1.4936433,1493.6433,5.007900000000063,2.063819728456962,-0.97407517351896,false,,true,true,true,false,false,false,false,false,false,false,true,false,false,false
725451,1000003886130397200,63875744677245,-0.017,1.173,0.042,0.026,-0.013,0.029,0.999,VALID,0.038,-0.022,0.999,0,0,0,52.375,VALID,0.153,0.017,0.988,-0.028,0,0,0.432,2.975,6.887,0.666,VALID,0.038,-0.022,0.999,0.028,0,0,0.46,2.971,6.454,0.694,0.433836,0,1.4986517,1498.6517,5.008399999999938,2.178368823880417,-1.2606088523503383,false,,true,true,true,false,false,false,false,false,false,false,true,false,false,false
725452,1000003886135405100,63875744677245,-0.017,1.173,0.042,0.026,-0.013,0.029,0.999,VALID,0.04,-0.024,0.999,0,0,0,52.375,VALID,0.131,0.019,0.991,-0.028,0,0,0.433,2.98,6.887,0.673,VALID,0.04,-0.024,0.999,0.028,0,0,0.46,2.968,6.454,0.702,0.4987419,0,1.5036596,1503.6596,5.007900000000063,2.2929004995436886,-1.3752307520185663,false,,true,true,true,false,false,false,false,false,false,false,true,false,false,false
725453,1000003886140416900,63875744677245,-0.017,1.173,0.042,0.026,-0.013,0.029,0.999,VALID,0.041,-0.029,0.999,0,0,0,52.375,VALID,0.114,0.021,0.993,-0.028,0,0,0.433,2.982,6.887,0.678,VALID,0.041,-0.029,0.999,0.028,0,0,0.46,2.967,6.454,0.709,0.521127,0,1.5086714,1508.6714,5.011799999999994,2.3501595202106556,-1.6618105918581296,false,,true,true,true,false,false,false,false,false,false,false,true,false,false,false
725454,1000003886145424800,63875744677245,-0.017,1.173,0.042,0.026,-0.013,0.029,0.999,VALID,0.042,-0.032,0.999,0,0,0,52.375,VALID,0.103,0.023,0.994,-0.028,0,0,0.434,2.986,6.887,0.681,VALID,0.042,-0.032,0.999,0.028,0,0,0.46,2.967,6.454,0.714,0.5083172,0,1.5136793,1513.6793,5.007900000000063,2.407413844340112,-1.833778000046647,false,,true,true,true,false,false,false,false,false,false,false,true,false,false,false
725455,1000003886150419300,63875744677245,-0.017,1.173,0.042,0.026,-0.013,0.029,0.999,VALID,0.043,-0.033,0.999,0,0,0,52.375,VALID,0.095,0.024,0.995,-0.028,0,0,0.434,2.987,6.887,0.685,VALID,0.043,-0.033,0.999,0.028,0,0,0.46,2.966,6.454,0.717,0.4836221,0,1.5186738,1518.6738,4.994500000000016,2.4646633581811566,-1.8911040652841664,false,,true,true,true,false,false,false,false,false,false,false,true,false,false,false
725456,1000003886155431300,63875744677245,-0.017,1.173,0.042,0.026,-0.013,0.029,0.999,VALID,0.043,-0.035,0.998,0,0,0,52.375,VALID,0.09,0.026,0.996,-0.028,0,0,0.434,2.988,6.887,0.687,VALID,0.043,-0.035,0.998,0.028,0,0,0.46,2.966,6.454,0.719,0.4414793,0,1.5236858,1523.6858,5.011999999999944,2.4671299107676194,-2.0057619349098257,false,,true,true,true,false,false,false,false,false,false,false,true,false,false,false
725457,1000003886160443100,63875744677245,-0.017,1.173,0.042,0.026,-0.013,0.029,0.999,VALID,0.043,-0.037,0.998,0,0,0,52.375,VALID,0.087,0.027,0.996,-0.028,0,0,0.434,2.988,6.887,0.688,VALID,0.043,-0.037,0.998,0.028,0,0,0.46,2.966,6.454,0.721,0.4066541,0,1.5286976,1528.6976,5.011799999999994,2.4671299107676194,-2.120427840730745,false,,true,true,true,false,false,false,false,false,false,false,true,false,false,false
725458,1000003886165454000,63875744677245,-0.017,1.173,0.042,0.026,-0.013,0.029,0.999,VALID,0.044,-0.038,0.998,0,0,0,52.375,VALID,0.084,0.028,0.996,-0.028,0,0,0.436,3,6.887,0.69,VALID,0.044,-0.038,0.998,0.028,0,0,0.46,2.966,6.454,0.722,0.3738923,0,1.5337085,1533.7085,5.010899999999992,2.5244316425008844,-2.1777639512803675,false,,true,true,true,false,false,false,false,false,false,false,true,false,false,false
725459,1000003886170465800,63875744677245,-0.017,1.173,0.042,0.026,-0.013,0.029,0.999,VALID,0.044,-0.04,0.998,0,0,0,52.375,VALID,0.083,0.029,0.996,-0.028,0,0,0.437,3.009,6.887,0.69,VALID,0.044,-0.04,0.998,0.028,0,0,0.46,2.966,6.454,0.722,0.3437788,0,1.5387203,1538.7203,5.011799999999994,2.5244316425008844,-2.292442775955887,false,,true,true,true,false,false,false,false,false,false,false,true,false,false,false
725460,1000003886175477600,63875744677245,-0.017,1.173,0.042,0.026,-0.013,0.029,0.999,VALID,0.045,-0.041,0.998,0,0,0,52.375,VALID,0.082,0.03,0.996,-0.028,0,0,0.437,3.01,6.887,0.691,VALID,0.045,-0.041,0.998,0.028,0,0,0.46,2.966,6.454,0.723,0.3239168,0,1.5437321,1543.7321,5.011799999999994,2.581728321498805,-2.349785605460419,false,,true,true,true,false,false,false,false,false,false,false,true,false,false,false
725461,1000003886180489400,63875744677245,-0.017,1.173,0.042,0.026,-0.013,0.029,0.999,VALID,0.045,-0.042,0.998,0,0,0,52.375,VALID,0.081,0.031,0.996,-0.028,0,0,0.438,3.013,6.887,0.691,VALID,0.045,-0.042,0.998,0.028,0,0,0.46,2.966,6.454,0.723,0.3066229,0.01009397,1.5487439,1548.7439,5.011799999999994,2.581728321498805,-2.4071307900294796,false,,true,true,true,false,false,false,false,false,false,false,true,false,false,false
725462,1000003886185534000,63875744677245,-0.017,1.173,0.042,0.026,-0.013,0.029,0.999,VALID,0.045,-0.042,0.998,0,0,0,52.375,VALID,0.081,0.032,0.996,-0.028,0,0,0.438,3.015,6.887,0.691,VALID,0.045,-0.042,0.998,0.028,0,0,0.46,2.966,6.454,0.723,0.2922137,0.3131063,1.5537885,1553.7885,5.044600000000173,2.581728321498805,-2.4071307900294796,false,,true,true,true,false,false,false,false,false,false,false,false,false,false,false
725463,1000003886190545800,63875744677245,-0.017,1.173,0.042,0.026,-0.013,0.029,0.999,VALID,0.046,-0.044,0.998,0,0,0,52.375,VALID,0.081,0.033,0.996,-0.028,0,0,0.438,3.018,6.887,0.691,VALID,0.046,-0.044,0.998,0.028,0,0,0.46,2.966,6.454,0.723,0.2762413,0.3267252,1.5588003,1558.8003,5.011799999999994,2.6390198338480877,-2.5218284553489743,false,,true,true,true,false,false,false,false,false,false,false,false,false,false,false
725464,1000003886195557600,63875744677245,-0.017,1.173,0.042,0.026,-0.013,0.029,0.999,VALID,0.046,-0.042,0.998,0,0,0,52.375,VALID,0.08,0.033,0.996,-0.028,0,0,0.438,3.02,6.887,0.691,VALID,0.046,-0.042,0.998,0.028,0,0,0.46,2.966,6.454,0.723,0.2787231,0.2769779,1.5638121,1563.8121,5.011799999999994,2.6390198338480877,-2.4071307900294796,false,,true,true,true,false,false,false,false,false,false,false,true,false,false,false
725465,1000003886200568500,63875744677245,-0.017,1.173,0.042,0.026,-0.013,0.029,0.999,VALID,0.043,-0.038,0.998,0,0,0,52.375,VALID,0.08,0.034,0.996,-0.028,0,0,0.439,3.021,6.887,0.691,VALID,0.043,-0.038,0.998,0.028,0,0,0.466,3.007,6.454,0.723,0.3146067,0,1.568823,1568.823,5.010899999999992,2.4671299107676194,-2.1777639512803675,false,,true,true,true,false,false,false,false,false,false,false,true,false,false,false
725466,1000003886205580300,63875744677245,-0.017,1.173,0.042,0.026,-0.013,0.029,0.999,VALID,0.041,-0.035,0.999,0,0,0,52.375,VALID,0.08,0.034,0.996,-0.028,0,0,0.439,3.021,6.887,0.691,VALID,0.041,-0.035,0.999,0.028,0,0,0.468,3.023,6.454,0.723,0.3391364,0.07628126,1.5738348,1573.8348,5.011799999999994,2.3501595202106556,-2.0057619349098257,false,,true,true,true,false,false,false,false,false,false,false,true,false,false,false
725467,1000003886210591200,63875744677245,-0.017,1.173,0.042,0.026,-0.013,0.029,0.999,VALID,0.04,-0.033,0.999,0,0,0,52.375,VALID,0.08,0.035,0.996,-0.028,0,0,0.439,3.022,6.887,0.69,VALID,0.04,-0.033,0.999,0.028,0,0,0.469,3.029,6.454,0.722,0.3594651,0.0574507,1.5788457,1578.8457,5.010899999999992,2.2929004995436886,-1.8911040652841664,false,,true,true,true,false,false,false,false,false,false,false,true,false,false,false
725468,1000003886215602100,63875744677245,-0.017,1.173,0.042,0.026,-0.013,0.029,0.999,VALID,0.039,-0.033,0.999,0,0,0,52.375,VALID,0.08,0.035,0.996,-0.028,0,0,0.439,3.022,6.887,0.69,VALID,0.039,-0.033,0.999,0.028,0,0,0.47,3.032,6.454,0.72,0.3603427,0,1.5838566,1583.8566,5.010899999999992,2.2356368961463007,-1.8911040652841664,false,,true,true,true,false,false,false,false,false,false,false,true,false,false,false
725469,1000003886220613900,63875744677245,-0.017,1.173,0.042,0.026,-0.013,0.029,0.999,VALID,0.038,-0.032,0.999,0,0,0,52.375,VALID,0.08,0.035,0.996,-0.028,0,0,0.439,3.021,6.887,0.689,VALID,0.038,-0.032,0.999,0.028,0,0,0.47,3.033,6.454,0.718,0.3760963,0,1.5888684,1588.8684,5.011799999999994,2.178368823880417,-1.833778000046647,false,,true,true,true,false,false,false,false,false,false,false,true,false,false,false
725470,1000003886225623500,63875744677245,-0.017,1.173,0.042,0.026,-0.013,0.029,0.999,VALID,0.038,-0.031,0.999,0,0,0,52.375,VALID,0.08,0.035,0.996,-0.028,0,0,0.438,3.019,6.887,0.686,VALID,0.038,-0.031,0.999,0.028,0,0,0.47,3.03,6.454,0.713,0.3846069,0,1.593878,1593.878,5.009599999999864,2.178368823880417,-1.7764537710952644,false,,true,true,true,false,false,false,false,false,false,false,true,false,false,false
725471,1000003886230634400,63875744677245,-0.017,1.173,0.042,0.026,-0.013,0.029,0.999,VALID,0.038,-0.03,0.999,0,0,0,52.375,VALID,0.08,0.035,0.996,-0.028,0,0,0.437,3.012,6.887,0.683,VALID,0.038,-0.03,0.999,0.028,0,0,0.469,3.026,6.454,0.706,0.3908963,0,1.5988889,1598.8889,5.010899999999992,2.178368823880417,-1.719131320877811,false,,true,true,true,false,false,false,false,false,false,false,true,false,false,false
725472,1000003886235645300,63875744677245,-0.017,1.173,0.042,0.026,-0.013,0.029,0.999,VALID,0.038,-0.03,0.999,0,0,0,52.375,VALID,0.08,0.035,0.996,-0.028,0,0,0.435,2.993,6.887,0.678,VALID,0.038,-0.03,0.999,0.028,0,0,0.469,3.026,6.454,0.697,0.3975119,0,1.6038998,1603.8998,5.010899999999992,2.178368823880417,-1.719131320877811,false,,true,true,true,false,false,false,false,false,false,false,true,false,false,false
725473,1000003886240751400,63875744677245,-0.017,1.173,0.042,0.026,-0.013,0.029,0.999,VALID,0.038,-0.031,0.999,0,0,0,52.375,VALID,0.081,0.034,0.996,-0.028,0,0,0.431,2.971,6.887,0.672,VALID,0.038,-0.031,0.999,0.028,0,0,0.469,3.026,6.454,0.683,0.3913692,0,1.6090059,1609.0059,5.106100000000197,2.178368823880417,-1.7764537710952644,false,,true,true,true,false,false,false,false,false,false,false,true,false,false,false
725474,1000003886245760900,63875744677245,-0.017,1.173,0.042,0.026,-0.013,0.029,0.999,VALID,0.037,-0.033,0.999,0,0,0,52.375,VALID,0.081,0.033,0.996,-0.028,0,0,0.422,2.905,6.887,0.664,VALID,0.037,-0.033,0.999,0.028,0,0,0.469,3.025,6.454,0.664,0.3860805,0,1.6140154,1614.0154,5.009499999999889,2.1210963966614536,-1.8911040652841664,false,,true,true,true,false,false,false,false,false,false,false,true,false,false,false
725475,1000003886250652800,63875744677245,-0.017,1.173,0.042,0.026,-0.013,0.029,0.999,VALID,0.037,-0.037,0.999,0,0,0,52.375,VALID,0.08,0.032,0.996,-0.028,0,0,0.419,2.888,6.887,0.649,VALID,0.037,-0.037,0.999,0.028,0,0,0.469,3.025,6.454,0.634,0.3571044,0,1.6189073,1618.9073,4.891900000000078,2.1210963966614536,-2.120427840730745,false,,true,true,true,false,false,false,false,false,false,false,true,false,false,false
725476,1000003886255662300,63875744677245,-0.017,1.173,0.042,0.026,-0.013,0.029,0.999,VALID,0.037,-0.041,0.998,0,0,0,52.375,VALID,0.074,0.02,0.997,-0.028,0,0,0.419,2.885,6.887,0.628,VALID,0.037,-0.041,0.998,0.028,0,0,0.463,2.988,6.454,0.601,0.400206,0,1.6239168,1623.9168,5.009499999999889,2.123219799525733,-2.349785605460419,false,,true,true,true,false,false,false,false,false,false,false,true,false,false,false
725477,1000003886260683100,63875744677245,-0.017,1.173,0.042,0.026,-0.013,0.029,0.999,VALID,0.035,-0.051,0.998,0,0,0,52.375,VALID,0.071,0.021,0.997,-0.028,0,0,0.418,2.876,6.887,0.605,VALID,0.035,-0.051,0.998,0.028,0,0,0.442,2.85,6.454,0.564,0.3099073,0,1.6289376,1628.9376,5.020800000000008,2.0085478473720904,-2.923352963844877,false,,true,true,true,false,false,false,false,false,false,false,true,false,false,false
725478,1000003886265700900,63875744677245,-0.017,1.173,0.042,0.026,-0.013,0.029,0.999,VALID,0.036,-0.061,0.997,0,0,0,52.375,VALID,0.061,0.022,0.998,-0.028,0,0,0.409,2.818,6.887,0.592,VALID,0.036,-0.061,0.997,0.028,0,0,0.436,2.815,6.454,0.526,,0,1.6339554,1633.9554,5.017800000000079,2.067956197176749,-3.4972136966306246,false,,true,true,true,false,false,false,false,false,false,true,true,false,false,false
725479,1000003886270746400,63875744677245,-0.017,1.173,0.042,0.026,-0.013,0.029,0.999,VALID,0.034,-0.054,0.998,0,0,0,52.375,VALID,0.053,0.022,0.998,-0.028,0,0,0.395,2.721,6.887,0.568,VALID,0.033,-0.06,0.998,0.028,0,0,0.375,2.418,6.454,0.489,,0,1.6390009,1639.0009,5.045499999999947,1.9512057766588216,-3.095477740691912,false,,true,true,true,false,true,false,false,false,false,true,true,false,false,false
725480,1000003886275756300,63875744677245,-0.017,1.173,0.042,0.026,-0.013,0.029,0.999,INVALID,,,,,,,,INVALID,,,,,,,,2.7591533550262324,,,INVALID,,,,,,,,,,,,,1.6440108,1644.0108,5.009900000000016,,,true,1,false,false,false,false,false,false,false,false,false,false,false,true,false,true
725481,1000003886280724800,63875744677245,-0.017,1.173,0.042,0.026,-0.013,0.029,0.999,INVALID,,,,,,,,INVALID,,,,,,,,2.7969914245381653,,,INVALID,,,,,,,,,,,,,1.6489793,1648.9793,4.968499999999949,,,true,1,false,false,false,false,false,false,false,false,false,false,false,true,false,true
725482,1000003886285747800,63875744677245,-0.017,1.173,0.042,0.026,-0.013,0.029,0.999,INVALID,,,,,,,,INVALID,,,,,,,,2.8352445438213385,,,INVALID,,,,,,,,,,,,,1.6540023,1654.0023,5.023000000000138,,,true,1,false,false,false,false,false,false,false,false,false,false,false,true,false,true
725483,1000003886290758200,63875744677245,-0.017,1.173,0.042,0.026,-0.013,0.029,0.999,INVALID,,,,,,,,INVALID,,,,,,,,2.873401706643636,,,INVALID,,,,,,,,,,,,,1.6590127,1659.0127,5.0103999999998905,,,true,1,false,false,false,false,false,false,false,false,false,false,false,true,false,true
725484,1000003886295803200,63875744677245,-0.017,1.173,0.042,0.026,-0.013,0.029,0.999,INVALID,,,,,,,,INVALID,,,,,,,,2.9118223689537306,,,INVALID,,,,,,,,,,,,,1.6640577,1664.0577,5.045000000000073,,,true,1,false,false,false,false,false,false,false,false,false,false,false,true,false,true
725485,1000003886300812700,63875744677245,-0.017,1.173,0.042,0.026,-0.013,0.029,0.999,INVALID,,,,,,,,INVALID,,,,,,,,2.949972677743109,,,INVALID,,,,,,,,,,,,,1.6690672,1669.0672,5.009499999999889,,,true,1,false,false,false,false,false,false,false,false,false,false,false,true,false,true
725486,1000003886305822200,63875744677245,-0.017,1.173,0.042,0.026,-0.013,0.029,0.999,INVALID,,,,,,,,INVALID,,,,,,,,2.9881229865324888,,,INVALID,,,,,,,,,,,,,1.6740767,1674.0767,5.009500000000116,,,true,1,false,false,false,false,false,false,false,false,false,false,false,true,false,true
725487,1000003886310831700,63875744677245,-0.017,1.173,0.042,0.026,-0.013,0.029,0.999,INVALID,,,,,,,,INVALID,,,,,,,,3.0262732953218667,,,INVALID,,,,,,,,,,,,,1.6790862,1679.0862,5.009499999999889,,,true,1,false,false,false,false,false,false,false,false,false,false,false,true,false,true
725488,1000003886315878100,63875744677245,-0.017,1.173,0.042,0.026,-0.013,0.029,0.999,INVALID,,,,,,,,INVALID,,,,,,,,3.064704619460947,,,INVALID,,,,,,,,,,,,,1.6841326,1684.1326,5.046399999999949,,,true,1,false,false,false,false,false,false,false,false,false,false,false,true,false,true
725489,1000003886320905100,63875744677245,-0.017,1.173,0.042,0.026,-0.013,0.029,0.999,INVALID,,,,,,,,INVALID,,,,,,,,3.1029882011126504,,,INVALID,,,,,,,,,,,,,1.6891596,1689.1596,5.027000000000044,,,true,1,false,false,false,false,false,false,false,false,false,false,false,true,false,true
725490,1000003886325917600,63875744677245,-0.017,1.173,0.042,0.026,-0.013,0.029,0.999,INVALID,,,,,,,,INVALID,,,,,,,,3.1411613566784284,,,INVALID,,,,,,,,,,,,,1.6941721,1694.1721,5.0125000000000455,,,true,1,false,false,false,false,false,false,false,false,false,false,false,true,false,true
725491,1000003886330893200,63875744677245,-0.017,1.173,0.042,0.026,-0.013,0.029,0.999,INVALID,,,,,,,,INVALID,,,,,,,,3.1790534968945043,,,INVALID,,,,,,,,,,,,,1.6991477,1699.1477,4.975599999999986,,,true,1,false,false,false,false,false,false,false,false,false,false,false,true,false,true
725492,1000003886335905700,63875744677245,-0.017,1.173,0.042,0.026,-0.013,0.029,0.999,INVALID,,,,,,,,INVALID,,,,,,,,3.2172266524602824,,,INVALID,,,,,,,,,,,,,1.7041602,1704.1602,5.0125000000000455,,,true,1,false,false,false,false,false,false,false,false,false,false,false,true,false,true
725493,1000003886340934200,63875744677245,-0.017,1.173,0.042,0.026,-0.013,0.029,0.999,INVALID,,,,,,,,INVALID,,,,,,,,3.255521657500184,,,INVALID,,,,,,,,,,,,,1.7091887,1709.1887,5.0284999999998945,,,true,1,false,false,false,false,false,false,false,false,false,false,false,true,false,true
725494,1000003886345946700,63875744677245,-0.017,1.173,0.042,0.026,-0.013,0.029,0.999,INVALID,,,,,,,,INVALID,,,,,,,,3.2936948130659616,,,INVALID,,,,,,,,,,,,,1.7142012,1714.2012,5.0125000000000455,,,true,1,false,false,false,false,false,false,false,false,false,false,false,true,false,true
725495,1000003886350964500,63875744677246,-0.017,1.173,0.042,0.026,-0.013,0.029,0.999,INVALID,,,,,,,,INVALID,,,,,,,,3.3319083312700437,,,INVALID,,,,,,,,,,,,,1.719219,1719.219,5.017800000000079,,,true,1,false,false,false,false,false,false,false,false,false,false,false,true,false,true
725496,1000003886355966300,63875744677246,-0.017,1.173,0.042,0.026,-0.013,0.029,0.999,VALID,-0.005,-0.077,0.997,0,0,0,52.375,VALID,-0.013,-0.02,1,-0.028,0,0,0.489,3.37,6.887,0.441,INVALID,,,,,,,,,,0.29,2,0,1.7242208,1724.2208,5.001800000000003,-0.28733851142311534,-4.416146264289567,false,,true,true,false,true,true,false,false,false,false,false,true,false,false,false
725497,1000003886360984100,63875744677624,-0.018,1.175,0.039,0.029,-0.013,0.029,0.999,VALID,-0.047,-0.098,0.994,0,0,0,52.375,VALID,-0.063,-0.061,0.996,-0.028,0,0,0.489,3.37,6.887,0.436,INVALID,,,,,,,,,,0.292,2,0,1.7292386,1729.2386,5.017799999999852,-2.707140283059522,-5.624013180483932,false,,true,true,false,true,true,false,false,false,false,false,true,false,false,false
725498,1000003886365996600,63875744677624,-0.018,1.175,0.039,0.029,-0.013,0.029,0.999,INVALID,,,,,,,,INVALID,,,,,,,,,,,INVALID,,,,,,,,,,,,,1.7342511,1734.2511,5.0125000000000455,,,true,2,false,false,false,false,false,false,false,false,false,false,false,false,false,true
725499,1000003886371014400,63875744677624,-0.018,1.175,0.039,0.029,-0.013,0.029,0.999,INVALID,,,,,,,,INVALID,,,,,,,,,,,INVALID,,,,,,,,,,,,,1.7392689,1739.2689,5.017800000000079,,,true,2,false,false,false,false,false,false,false,false,false,false,false,false,false,true
725500,1000003886376026900,63875744677624,-0.018,1.175,0.039,0.029,-0.013,0.029,0.999,INVALID,,,,,,,,INVALID,,,,,,,,,,,INVALID,,,,,,,,,,,,,1.7442814,1744.2814,5.0125000000000455,,,true,2,false,false,false,false,false,false,false,false,false,false,false,false,false,true
725501,1000003886381044700,63875744677624,-0.018,1.175,0.039,0.029,-0.013,0.029,0.999,INVALID,,,,,,,,INVALID,,,,,,,,,,,INVALID,,,,,,,,,,,,,1.7492992,1749.2992,5.017799999999852,,,true,2,false,false,false,false,false,false,false,false,false,false,false,false,false,true
725502,1000003886386057200,63875744677624,-0.018,1.175,0.039,0.029,-0.013,0.029,0.999,INVALID,,,,,,,,INVALID,,,,,,,,,,,INVALID,,,,,,,,,,,,,1.7543117,1754.3117,5.0125000000000455,,,true,2,false,false,false,false,false,false,false,false,false,false,false,false,false,true
725503,1000003886391030500,63875744677624,-0.018,1.175,0.039,0.029,-0.013,0.029,0.999,INVALID,,,,,,,,INVALID,,,,,,,,,,,INVALID,,,,,,,,,,,,,1.759285,1759.285,4.973300000000108,,,true,2,false,false,false,false,false,false,false,false,false,false,false,false,false,true
725504,1000003886396043000,63875744677624,-0.018,1.175,0.039,0.029,-0.013,0.029,0.999,INVALID,,,,,,,,INVALID,,,,,,,,,,,INVALID,,,,,,,,,,,,,1.7642975,1764.2975,5.012499999999818,,,true,2,false,false,false,false,false,false,false,false,false,false,false,false,false,true
725505,1000003886401055500,63875744677624,-0.018,1.175,0.039,0.029,-0.013,0.029,0.999,INVALID,,,,,,,,INVALID,,,,,,,,,,,INVALID,,,,,,,,,,,,,1.76931,1769.31,5.0125000000000455,,,true,2,false,false,false,false,false,false,false,false,false,false,false,false,false,true
725506,1000003886406081400,63875744677624,-0.018,1.175,0.039,0.029,-0.013,0.029,0.999,INVALID,,,,,,,,INVALID,,,,,,,,,,,INVALID,,,,,,,,,,,,,1.7743359,1774.3359,5.025900000000092,,,true,2,false,false,false,false,false,false,false,false,false,false,false,false,false,true
725507,1000003886411088000,63875744677624,-0.018,1.175,0.039,0.029,-0.013,0.029,0.999,INVALID,,,,,,,,INVALID,,,,,,,,,,,INVALID,,,,,,,,,,,,,1.7793425,1779.3425,5.006599999999935,,,true,2,false,false,false,false,false,false,false,false,false,false,false,false,false,true
725508,1000003886416098800,63875744677624,-0.018,1.175,0.039,0.029,-0.013,0.029,0.999,INVALID,,,,,,,,INVALID,,,,,,,,,,,INVALID,,,,,,,,,,,,,1.7843533,1784.3533,5.0108000000000175,,,true,2,false,false,false,false,false,false,false,false,false,false,false,false,false,true
725509,1000003886421105400,63875744677624,-0.018,1.175,0.039,0.029,-0.013,0.029,0.999,INVALID,,,,,,,,INVALID,,,,,,,,,,,INVALID,,,,,,,,,,,,,1.7893599,1789.3599,5.006599999999935,,,true,2,false,false,false,false,false,false,false,false,false,false,false,false,false,true
725510,1000003886426116200,63875744677624,-0.018,1.175,0.039,0.029,-0.013,0.029,0.999,INVALID,,,,,,,,INVALID,,,,,,,,,,,INVALID,,,,,,,,,,,,,1.7943707,1794.3707,5.0108000000000175,,,true,2,false,false,false,false,false,false,false,false,false,false,false,false,false,true
725511,1000003886431127000,63875744677624,-0.018,1.175,0.039,0.029,-0.013,0.029,0.999,INVALID,,,,,,,,INVALID,,,,,,,,,,,INVALID,,,,,,,,,,,,,1.7993815,1799.3815,5.0108000000000175,,,true,2,false,false,false,false,false,false,false,false,false,false,false,false,false,true
725512,1000003886436133600,63875744677624,-0.018,1.175,0.039,0.029,-0.013,0.029,0.999,INVALID,,,,,,,,INVALID,,,,,,,,,,,INVALID,,,,,,,,,,,,,1.8043881,1804.3881,5.006599999999935,,,true,2,false,false,false,false,false,false,false,false,false,false,false,false,false,true
725513,1000003886441125300,63875744677624,-0.018,1.175,0.039,0.029,-0.013,0.029,0.999,INVALID,,,,,,,,INVALID,,,,,,,,,,,INVALID,,,,,,,,,,,,,1.8093798,1809.3798,4.991700000000037,,,true,2,false,false,false,false,false,false,false,false,false,false,false,false,false,true
725514,1000003886446126100,63875744677624,-0.018,1.175,0.039,0.029,-0.013,0.029,0.999,INVALID,,,,,,,,INVALID,,,,,,,,,,,INVALID,,,,,,,,,,,,,1.8143806,1814.3806,5.000800000000027,,,true,2,false,false,false,false,false,false,false,false,false,false,false,false,false,true
725515,1000003886451146400,63875744677624,-0.018,1.175,0.039,0.029,-0.013,0.029,0.999,INVALID,,,,,,,,INVALID,,,,,,,,,,,INVALID,,,,,,,,,,,,,1.8194009,1819.4009,5.020300000000134,,,true,2,false,false,false,false,false,false,false,false,false,false,false,false,false,true
725516,1000003886456174700,63875744677624,-0.018,1.175,0.039,0.029,-0.013,0.029,0.999,INVALID,,,,,,,,INVALID,,,,,,,,,,,INVALID,,,,,,,,,,,,,1.8244292,1824.4292,5.028299999999945,,,true,2,false,false,false,false,false,false,false,false,false,false,false,false,false,true
725517,1000003886461190400,63875744677624,-0.018,1.175,0.039,0.029,-0.013,0.029,0.999,INVALID,,,,,,,,INVALID,,,,,,,,,,,INVALID,,,,,,,,,,,,,1.8294449,1829.4449,5.015699999999924,,,true,2,false,false,false,false,false,false,false,false,false,false,false,false,false,true
725518,1000003886466197000,63875744677624,-0.018,1.175,0.039,0.029,-0.013,0.029,0.999,INVALID,,,,,,,,INVALID,,,,,,,,,,,INVALID,,,,,,,,,,,,,1.8344515,1834.4515,5.006599999999935,,,true,2,false,false,false,false,false,false,false,false,false,false,false,false,false,true
725519,1000003886471207800,63875744677624,-0.018,1.175,0.039,0.029,-0.013,0.029,0.999,INVALID,,,,,,,,INVALID,,,,,,,,,,,INVALID,,,,,,,,,,,,,1.8394623,1839.4623,5.0108000000000175,,,true,2,false,false,false,false,false,false,false,false,false,false,false,false,false,true
725520,1000003886476214400,63875744677624,-0.018,1.175,0.039,0.029,-0.013,0.029,0.999,INVALID,,,,,,,,INVALID,,,,,,,,,,,INVALID,,,,,,,,,,,,,1.8444689,1844.4689,5.006600000000162,,,true,2,false,false,false,false,false,false,false,false,false,false,false,false,false,true
725521,1000003886481247200,63875744677624,-0.018,1.175,0.039,0.029,-0.013,0.029,0.999,INVALID,,,,,,,,INVALID,,,,,,,,,,,INVALID,,,,,,,,,,,,,1.8495017,1849.5017,5.032799999999952,,,true,2,false,false,false,false,false,false,false,false,false,false,false,false,false,true
725522,1000003886486253800,63875744677624,-0.018,1.175,0.039,0.029,-0.013,0.029,0.999,INVALID,,,,,,,,INVALID,,,,,,,,,,,INVALID,,,,,,,,,,,,,1.8545083,1854.5083,5.006599999999935,,,true,2,false,false,false,false,false,false,false,false,false,false,false,false,false,true
725523,1000003886491264600,63875744677624,-0.018,1.175,0.039,0.029,-0.013,0.029,0.999,INVALID,,,,,,,,INVALID,,,,,,,,,,,INVALID,,,,,,,,,,,,,1.8595191,1859.5191,5.0108000000000175,,,true,2,false,false,false,false,false,false,false,false,false,false,false,false,false,true
725524,1000003886496278600,63875744677624,-0.018,1.175,0.039,0.029,-0.013,0.029,0.999,INVALID,,,,,,,,INVALID,,,,,,,,,,,INVALID,,,,,,,,,,,,,1.8645331,1864.5331,5.014000000000124,,,true,2,false,false,false,false,false,false,false,false,false,false,false,false,false,true
725525,1000003886501288600,63875744677625,-0.018,1.175,0.039,0.029,-0.013,0.029,0.999,INVALID,,,,,,,,INVALID,,,,,,,,,,,INVALID,,,,,,,,,,,,,1.8695431,1869.5431,5.009999999999991,,,true,2,false,false,false,false,false,false,false,false,false,false,false,false,false,true
725526,1000003886506298600,63875744677625,-0.018,1.175,0.039,0.029,-0.013,0.029,0.999,INVALID,,,,,,,,INVALID,,,,,,,,,,,INVALID,,,,,,,,,,,,,1.8745531,1874.5531,5.009999999999991,,,true,2,false,false,false,false,false,false,false,false,false,false,false,false,false,true
725527,1000003886511343700,63875744677625,-0.018,1.175,0.039,0.029,-0.013,0.029,0.999,INVALID,,,,,,,,INVALID,,,,,,,,,,,INVALID,,,,,,,,,,,,,1.8795982,1879.5982,5.04509999999982,,,true,2,false,false,false,false,false,false,false,false,false,false,false,false,false,true
725528,1000003886516354500,63875744677625,-0.018,1.175,0.039,0.029,-0.013,0.029,0.999,INVALID,,,,,,,,INVALID,,,,,,,,,,,INVALID,,,,,,,,,,,,,1.884609,1884.609,5.0108000000000175,,,true,2,false,false,false,false,false,false,false,false,false,false,false,false,false,true
725529,1000003886521364500,63875744677625,-0.018,1.175,0.039,0.029,-0.013,0.029,0.999,INVALID,,,,,,,,INVALID,,,,,,,,,,,INVALID,,,,,,,,,,,,,1.889619,1889.619,5.009999999999991,,,true,2,false,false,false,false,false,false,false,false,false,false,false,false,false,true
725530,1000003886526375300,63875744677625,-0.018,1.175,0.039,0.029,-0.013,0.029,0.999,INVALID,,,,,,,,INVALID,,,,,,,,,,,INVALID,,,,,,,,,,,,,1.8946298,1894.6298,5.0108000000000175,,,true,2,false,false,false,false,false,false,false,false,false,false,false,false,false,true
725531,1000003886531385300,63875744677625,-0.018,1.175,0.039,0.029,-0.013,0.029,0.999,INVALID,,,,,,,,INVALID,,,,,,,,,,,INVALID,,,,,,,,,,,,,1.8996398,1899.6398,5.009999999999991,,,true,2,false,false,false,false,false,false,false,false,false,false,false,false,false,true
725532,1000003886536427000,63875744677625,-0.018,1.175,0.039,0.029,-0.013,0.029,0.999,INVALID,,,,,,,,INVALID,,,,,,,,,,,INVALID,,,,,,,,,,,,,1.9046815,1904.6815,5.041699999999992,,,true,2,false,false,false,false,false,false,false,false,false,false,false,false,false,true
725533,1000003886541437000,63875744677625,-0.018,1.175,0.039,0.029,-0.013,0.029,0.999,INVALID,,,,,,,,INVALID,,,,,,,,,,,INVALID,,,,,,,,,,,,,1.9096915,1909.6915,5.009999999999991,,,true,2,false,false,false,false,false,false,false,false,false,false,false,false,false,true
725534,1000003886546409200,63875744677625,-0.018,1.175,0.039,0.029,-0.013,0.029,0.999,INVALID,,,,,,,,INVALID,,,,,,,,,,,INVALID,,,,,,,,,,,,,1.9146637,1914.6637,4.972200000000157,,,true,2,false,false,false,false,false,false,false,false,false,false,false,false,false,true
725535,1000003886551398600,63875744677625,-0.018,1.175,0.039,0.029,-0.013,0.029,0.999,INVALID,,,,,,,,INVALID,,,,,,,,,,,INVALID,,,,,,,,,,,,,1.9196531,1919.6531,4.989399999999932,,,true,2,false,false,false,false,false,false,false,false,false,false,false,false,false,true
725536,1000003886556410600,63875744677625,-0.018,1.175,0.039,0.029,-0.013,0.029,0.999,INVALID,,,,,,,,INVALID,,,,,,,,,,,INVALID,,,,,,,,,,,,,1.9246651,1924.6651,5.011999999999944,,,true,2,false,false,false,false,false,false,false,false,false,false,false,false,false,true
725537,1000003886561429200,63875744677625,-0.018,1.175,0.039,0.029,-0.013,0.029,0.999,INVALID,,,,,,,,INVALID,,,,,,,,,,,INVALID,,,,,,,,,,,,,1.9296837,1929.6837,5.018600000000106,,,true,2,false,false,false,false,false,false,false,false,false,false,false,false,false,true
725538,1000003886566437300,63875744677625,-0.018,1.175,0.039,0.029,-0.013,0.029,0.999,INVALID,,,,,,,,INVALID,,,,,,,,,,,INVALID,,,,,,,,,,,,,1.9346918,1934.6918,5.008100000000013,,,true,2,false,false,false,false,false,false,false,false,false,false,false,false,false,true
725539,1000003886571448300,63875744677625,-0.018,1.175,0.039,0.029,-0.013,0.029,0.999,INVALID,,,,,,,,INVALID,,,,,,,,,,,INVALID,,,,,,,,,,,,,1.9397028,1939.7028,5.010999999999967,,,true,2,false,false,false,false,false,false,false,false,false,false,false,false,false,true
725540,1000003886576458300,63875744677625,-0.018,1.175,0.039,0.029,-0.013,0.029,0.999,INVALID,,,,,,,,INVALID,,,,,,,,,,,INVALID,,,,,,,,,,,,,1.9447128,1944.7128,5.009999999999991,,,true,2,false,false,false,false,false,false,false,false,false,false,false,false,false,true
725541,1000003886581472700,63875744677625,-0.018,1.175,0.039,0.029,-0.013,0.029,0.999,INVALID,,,,,,,,INVALID,,,,,,,,,,,INVALID,,,,,,,,,,,,,1.9497272,1949.7272,5.014400000000023,,,true,2,false,false,false,false,false,false,false,false,false,false,false,false,false,true
725542,1000003886586480800,63875744677625,-0.018,1.175,0.039,0.029,-0.013,0.029,0.999,INVALID,,,,,,,,INVALID,,,,,,,,,,,INVALID,,,,,,,,,,,,,1.9547353,1954.7353,5.008100000000013,,,true,2,false,false,false,false,false,false,false,false,false,false,false,false,false,true
725543,1000003886591520700,63875744677625,-0.018,1.175,0.039,0.029,-0.013,0.029,0.999,INVALID,,,,,,,,INVALID,,,,,,,,,,,INVALID,,,,,,,,,,,,,1.9597752,1959.7752,5.039899999999989,,,true,2,false,false,false,false,false,false,false,false,false,false,false,false,false,true
725544,1000003886596528800,63875744677625,-0.018,1.175,0.039,0.029,-0.013,0.029,0.999,INVALID,,,,,,,,INVALID,,,,,,,,,,,INVALID,,,,,,,,,,,,,1.9647833,1964.7833,5.008100000000013,,,true,2,false,false,false,false,false,false,false,false,false,false,false,false,false,true
725545,1000003886601510100,63875744677625,-0.018,1.175,0.039,0.029,-0.013,0.029,0.999,INVALID,,,,,,,,INVALID,,,,,,,,,,,INVALID,,,,,,,,,,,,,1.9697646,1969.7646,4.981299999999919,,,true,2,false,false,false,false,false,false,false,false,false,false,false,false,false,true
725546,1000003886606525700,63875744677625,-0.018,1.175,0.039,0.029,-0.013,0.029,0.999,INVALID,,,,,,,,INVALID,,,,,,,,,,,INVALID,,,,,,,,,,,,,1.9747802,1974.7802,5.015599999999949,,,true,2,false,false,false,false,false,false,false,false,false,false,false,false,false,true
725547,1000003886611553400,63875744677625,-0.018,1.175,0.039,0.029,-0.013,0.029,0.999,INVALID,,,,,,,,INVALID,,,,,,,,,,,INVALID,,,,,,,,,,,,,1.9798079,1979.8079,5.027700000000095,,,true,2,false,false,false,false,false,false,false,false,false,false,false,false,false,true
725548,1000003886616579400,63875744677625,-0.018,1.175,0.039,0.029,-0.013,0.029,0.999,INVALID,,,,,,,,INVALID,,,,,,,,,,,INVALID,,,,,,,,,,,,,1.9848339,1984.8339,5.026000000000067,,,true,2,false,false,false,false,false,false,false,false,false,false,false,false,false,true
725549,1000003886621581900,63875744677625,-0.018,1.175,0.039,0.029,-0.013,0.029,0.999,INVALID,,,,,,,,INVALID,,,,,,,,,,,INVALID,,,,,,,,,,,,,1.9898364,1989.8364,5.002499999999827,,,true,2,false,false,false,false,false,false,false,false,false,false,false,false,false,true
725550,1000003886626592900,63875744677625,-0.018,1.175,0.039,0.029,-0.013,0.029,0.999,INVALID,,,,,,,,INVALID,,,,,,,,,,,INVALID,,,,,,,,,,,,,1.9948474,1994.8474,5.011000000000195,,,true,2,false,false,false,false,false,false,false,false,false,false,false,false,false,true
725551,1000003886631601000,63875744677625,-0.018,1.175,0.039,0.029,-0.013,0.029,0.999,INVALID,,,,,,,,INVALID,,,,,,,,,,,INVALID,,,,,,,,,,,,,1.9998555,1999.8555,5.008099999999786,,,true,2,false,false,false,false,false,false,false,false,false,false,false,false,false,true
725552,1000003886636617900,63875744677625,-0.018,1.175,0.039,0.029,-0.013,0.029,0.999,INVALID,,,,,,,,INVALID,,,,,,,,,,,INVALID,,,,,,,,,,,,,2.0048724,2004.8724,5.016900000000078,,,true,2,false,false,false,false,false,false,false,false,false,false,false,false,false,true
725553,1000003886641626000,63875744677625,-0.018,1.175,0.039,0.029,-0.013,0.029,0.999,INVALID,,,,,,,,INVALID,,,,,,,,,,,INVALID,,,,,,,,,,,,,2.0098805,2009.8805,5.008100000000013,,,true,2,false,false,false,false,false,false,false,false,false,false,false,false,false,true
725554,1000003886646634100,63875744677625,-0.018,1.175,0.039,0.029,-0.013,0.029,0.999,INVALID,,,,,,,,INVALID,,,,,,,,,,,INVALID,,,,,,,,,,,,,2.0148886,2014.8886,5.008100000000013,,,true,2,false,false,false,false,false,false,false,false,false,false,false,false,false,true
725555,1000003886651646700,63875744677625,-0.018,1.175,0.039,0.029,-0.013,0.029,0.999,INVALID,,,,,,,,INVALID,,,,,,,,,,,INVALID,,,,,,,,,,,,,2.0199012,2019.9012,5.01260000000002,,,true,2,false,false,false,false,false,false,false,false,false,false,false,false,false,true
725556,1000003886656654800,63875744677625,-0.018,1.175,0.039,0.029,-0.013,0.029,0.999,INVALID,,,,,,,,INVALID,,,,,,,,,,,INVALID,,,,,,,,,,,,,2.0249093,2024.9093,5.008100000000013,,,true,2,false,false,false,false,false,false,false,false,false,false,false,false,false,true
725557,1000003886661662900,63875744677625,-0.018,1.175,0.039,0.029,-0.013,0.029,0.999,INVALID,,,,,,,,INVALID,,,,,,,,,,,INVALID,,,,,,,,,,,,,2.0299174,2029.9174,5.008100000000013,,,true,2,false,false,false,false,false,false,false,false,false,false,false,false,false,true
725558,1000003886666686500,63875744677625,-0.018,1.175,0.039,0.029,-0.013,0.029,0.999,INVALID,,,,,,,,INVALID,,,,,,,,,,,INVALID,,,,,,,,,,,,,2.034941,2034.941,5.023599999999988,,,true,2,false,false,false,false,false,false,false,false,false,false,false,false,false,true
725559,1000003886671695500,63875744677625,-0.018,1.175,0.039,0.029,-0.013,0.029,0.999,INVALID,,,,,,,,INVALID,,,,,,,,,,,INVALID,,,,,,,,,,,,,2.03995,2039.95,5.0090000000000146,,,true,2,false,false,false,false,false,false,false,false,false,false,false,false,false,true
725560,1000003886676704500,63875744677625,-0.018,1.175,0.039,0.029,-0.013,0.029,0.999,INVALID,,,,,,,,INVALID,,,,,,,,,,,INVALID,,,,,,,,,,,,,2.044959,2044.959,5.0090000000000146,,,true,2,false,false,false,false,false,false,false,false,false,false,false,false,false,true
725561,1000003886681729800,63875744677625,-0.018,1.175,0.039,0.029,-0.013,0.029,0.999,INVALID,,,,,,,,INVALID,,,,,,,,,,,INVALID,,,,,,,,,,,,,2.0499843,2049.9843,5.025300000000016,,,true,2,false,false,false,false,false,false,false,false,false,false,false,false,false,true
725562,1000003886686738800,63875744677625,-0.018,1.175,0.039,0.029,-0.013,0.029,0.999,INVALID,,,,,,,,INVALID,,,,,,,,,,,INVALID,,,,,,,,,,,,,2.0549933,2054.9933,5.0090000000000146,,,true,2,false,false,false,false,false,false,false,false,false,false,false,false,false,true
725563,1000003886691792700,63875744677625,-0.018,1.175,0.039,0.029,-0.013,0.029,0.999,INVALID,,,,,,,,INVALID,,,,,,,,,,,INVALID,,,,,,,,,,,,,2.0600472,2060.0472,5.053899999999885,,,true,2,false,false,false,false,false,false,false,false,false,false,false,false,false,true
725564,1000003886696801700,63875744677625,-0.018,1.175,0.039,0.029,-0.013,0.029,0.999,INVALID,,,,,,,,INVALID,,,,,,,,,,,INVALID,,,,,,,,,,,,,2.0650562,2065.0562,5.0090000000000146,,,true,2,false,false,false,false,false,false,false,false,false,false,false,false,false,true
725565,1000003886701817700,63875744677625,-0.018,1.175,0.039,0.029,-0.013,0.029,0.999,INVALID,,,,,,,,INVALID,,,,,,,,,,,INVALID,,,,,,,,,,,,,2.0700722,2070.0722,5.016000000000076,,,true,2,false,false,false,false,false,false,false,false,false,false,false,false,false,true
725566,1000003886706826700,63875744677625,-0.018,1.175,0.039,0.029,-0.013,0.029,0.999,INVALID,,,,,,,,INVALID,,,,,,,,,,,INVALID,,,,,,,,,,,,,2.0750812,2075.0812,5.0090000000000146,,,true,2,false,false,false,false,false,false,false,false,false,false,false,false,false,true
725567,1000003886711842300,63875744677625,-0.018,1.175,0.039,0.029,-0.013,0.029,0.999,INVALID,,,,,,,,INVALID,,,,,,,,,,,INVALID,,,,,,,,,,,,,2.0800968,2080.0968,5.015599999999722,,,true,2,false,false,false,false,false,false,false,false,false,false,false,false,false,true
725568,1000003886716851300,63875744677625,-0.018,1.175,0.039,0.029,-0.013,0.029,0.999,INVALID,,,,,,,,INVALID,,,,,,,,,,,INVALID,,,,,,,,,,,,,2.0851058,2085.1058,5.0090000000000146,,,true,2,false,false,false,false,false,false,false,false,false,false,false,false,false,true
725569,1000003886721866900,63875744677625,-0.018,1.175,0.039,0.029,-0.013,0.029,0.999,INVALID,,,,,,,,INVALID,,,,,,,,,,,INVALID,,,,,,,,,,,,,2.0901214,2090.1214,5.015600000000177,,,true,2,false,false,false,false,false,false,false,false,false,false,false,false,false,true
725570,1000003886726875900,63875744677625,-0.018,1.175,0.039,0.029,-0.013,0.029,0.999,INVALID,,,,,,,,INVALID,,,,,,,,,,,INVALID,,,,,,,,,,,,,2.0951304,2095.1304,5.0090000000000146,,,true,2,false,false,false,false,false,false,false,false,false,false,false,false,false,true
725571,1000003886731884900,63875744677625,-0.018,1.175,0.039,0.029,-0.013,0.029,0.999,INVALID,,,,,,,,INVALID,,,,,,,,,,,INVALID,,,,,,,,,,,,,2.1001394,2100.1394,5.0090000000000146,,,true,2,false,false,false,false,false,false,false,false,false,false,false,false,false,true
725572,1000003886736912000,63875744677625,-0.018,1.175,0.039,0.029,-0.013,0.029,0.999,VALID,-0.046,-0.13,0.99,0,0,0,52.375,VALID,-0.04,-0.098,0.994,-0.028,0,0,0.307,2.115,6.887,0.393,VALID,-0.095,-0.229,0.969,0.028,0,0,0.333,2.15,6.454,0.31,,0,2.1051665,2105.1665,5.027099999999791,-2.660314732619527,-7.46959231641693,false,,true,true,true,true,true,false,false,false,false,true,true,false,false,false
725573,1000003886741921000,63875744677636,-0.018,1.175,0.039,0.029,-0.013,0.029,0.999,VALID,-0.036,-0.127,0.991,0,0,0,52.375,VALID,-0.011,-0.104,0.994,-0.028,0,0,0.391,2.69,6.887,0.395,VALID,-0.088,-0.126,0.988,0.028,0,0,0.383,2.471,6.454,0.313,0.6681774,0,2.1101755,2110.1755,5.0090000000000146,-2.0804656487695845,-7.296267965040263,false,,true,true,true,true,true,false,false,false,false,false,true,false,false,false
725574,1000003886746930000,63875744677636,-0.018,1.175,0.039,0.029,-0.013,0.029,0.999,VALID,-0.033,-0.118,0.992,0,0,0,52.375,VALID,-0.003,-0.097,0.995,-0.028,0,0,0.426,2.934,6.887,0.399,VALID,0.014,-0.069,0.998,0.028,0,0,0.379,2.448,6.454,0.317,2,0,2.1151845,2115.1845,5.0090000000000146,-1.905306175189038,-6.776690914155872,false,,true,true,true,true,true,false,false,false,false,false,true,false,false,false
725575,1000003886751939000,63875744677648,-0.018,1.175,0.039,0.029,-0.013,0.029,0.999,VALID,-0.057,-0.167,0.984,0,0,0,52.375,VALID,0.004,-0.085,0.996,-0.028,0,0,0.378,2.6,6.887,0.405,VALID,-0.023,-0.133,0.991,0.028,0,0,0.373,2.405,6.454,0.319,0.487977,0,2.1201935,2120.1935,5.0090000000000146,-3.315258014403364,-9.613438289409002,false,,true,true,true,true,true,false,false,false,false,false,true,false,false,false
725576,1000003886756924200,63875744677648,-0.018,1.175,0.039,0.029,-0.013,0.029,0.999,VALID,-0.114,-0.2,0.973,0,0,0,52.375,VALID,0.008,-0.078,0.997,-0.028,0,0,0.373,2.567,6.887,0.409,VALID,-0.094,-0.182,0.979,0.028,0,0,0.323,2.087,6.454,0.329,0.2654263,0,2.1251787,2125.1787,4.985200000000077,-6.682502667299514,-11.536959032815489,false,,true,true,true,true,true,false,false,false,false,false,true,false,false,false
725577,1000003886761933200,63875744677648,-0.018,1.175,0.039,0.029,-0.013,0.029,0.999,VALID,-0.091,-0.159,0.983,0,0,0,52.375,VALID,0.011,-0.075,0.997,-0.028,0,0,0,2.5867595585948497,6.887,0.413,VALID,-0.076,-0.141,0.987,0.028,0,0,0,2.1211166910570247,6.454,0.335,0.4031945,0,2.1301877,2130.1877,5.0090000000000146,-5.289010996366162,-9.148857422335611,false,,true,true,true,true,true,true,true,false,false,false,true,true,true,false
725578,1000003886766942200,63875744677659,-0.018,1.175,0.039,0.029,-0.013,0.029,0.999,VALID,-0.077,-0.141,0.987,0,0,0,52.375,VALID,0.012,-0.073,0.997,-0.028,0,0,0,2.606519117189699,6.887,0.422,VALID,-0.064,-0.122,0.99,0.028,0,0,0,2.1552333821140497,6.454,0.349,0.5166033,0,2.1351967,2135.1967,5.0090000000000146,-4.460848258516558,-8.105716058669348,false,,true,true,true,true,true,true,true,false,false,false,true,true,true,false
725579,1000003886771956500,63875744677670,-0.018,1.175,0.039,0.029,-0.013,0.029,0.999,VALID,-0.07,-0.136,0.988,0,0,0,52.375,VALID,0.012,-0.065,0.998,-0.028,0,0,0,2.626299583283161,6.887,0.437,VALID,-0.059,-0.114,0.992,0.028,0,0,0,2.1893861718859067,6.454,0.373,0.5267635,0,2.140211,2140.211,5.014299999999821,-4.052645539469295,-7.816449008614412,false,,true,true,true,true,true,true,true,false,false,false,true,true,true,false
725580,1000003886776980900,63875744677670,-0.018,1.175,0.039,0.029,-0.013,0.029,0.999,VALID,-0.067,-0.13,0.989,0,0,0,52.375,VALID,0.012,-0.06,0.998,-0.028,0,0,0,2.6461198919683206,6.887,0.451,VALID,-0.057,-0.109,0.992,0.028,0,0,0,2.2236077535482988,6.454,0.397,0.5358419,0,2.1452354,2145.2354,5.024400000000242,-3.875592222556517,-7.46959231641693,false,,true,true,true,true,true,true,true,false,false,false,true,true,true,false
725581,1000003886781997100,63875744677670,-0.018,1.175,0.039,0.029,-0.013,0.029,0.999,VALID,-0.066,-0.117,0.991,0,0,0,52.375,VALID,0.012,-0.058,0.998,-0.028,0,0,0,2.6659078532027953,6.887,0.47,VALID,-0.058,-0.106,0.993,0.028,0,0,0,2.2577734843688715,6.454,0.429,0.54299,0,2.1502516,2150.2516,5.016200000000026,-3.8102374637574083,-6.718995468993778,false,,true,true,true,true,true,true,true,false,false,false,true,true,true,false
725582,1000003886787021500,63875744677681,-0.018,1.175,0.039,0.03,-0.013,0.029,0.999,VALID,-0.065,-0.097,0.993,0,0,0,52.375,VALID,0.011,-0.055,0.998,-0.028,0,0,0,2.685728161887954,6.887,0.504,VALID,-0.058,-0.096,0.994,0.028,0,0,0,2.2919950660312605,6.454,0.462,0.5989563,0,2.155276,2155.276,5.024399999999787,-3.7451360954167185,-5.566443107310412,false,,true,true,true,false,true,true,true,false,false,false,true,true,true,false
725583,1000003886792070400,63875744677681,-0.018,1.175,0.039,0.03,-0.013,0.029,0.999,VALID,-0.063,-0.07,0.996,0,0,0,52.375,VALID,0.011,-0.05,0.999,-0.028,0,0,0,2.7056451184440604,6.887,0.523,VALID,-0.056,-0.075,0.996,0.028,0,0,0,2.3263835191112805,6.454,0.49,0.7277444,0,2.1603249,2160.3249,5.048900000000231,-3.61930888748097,-4.013987218056314,false,,true,true,true,false,true,true,true,false,false,false,true,true,true,false
725584,1000003886797101400,63875744677693,-0.018,1.175,0.039,0.03,-0.013,0.028,0.999,VALID,-0.061,-0.045,0.997,0,0,0,52.375,VALID,0.011,-0.033,0.999,-0.028,0,0,0,2.7254914628822093,6.887,0.542,VALID,-0.054,-0.053,0.997,0.028,0,0,0,2.3606500538902564,6.454,0.517,0.7835685,0,2.1653559,2165.3559,5.030999999999949,-3.5011947584364154,-2.579181051648375,false,,true,true,true,false,false,true,true,false,false,false,true,true,true,false
725585,1000003886802110700,63875744677693,-0.018,1.175,0.039,0.03,-0.013,0.028,0.999,VALID,-0.06,-0.025,0.998,0,0,0,52.375,VALID,0.011,-0.013,1,-0.028,0,0,0,2.745252204920377,6.887,0.56,VALID,-0.053,-0.034,0.998,0.028,0,0,0,2.394768788270763,6.454,0.549,0.7902328,0,2.1703652,2170.3652,5.009300000000167,-3.4404948727427276,-1.4325437375665075,false,,true,true,true,false,false,true,true,false,false,false,true,true,true,false
725586,1000003886807023800,63875744677693,-0.018,1.175,0.039,0.03,-0.013,0.028,0.999,VALID,-0.059,-0.01,0.998,0,0,0,52.375,VALID,0.011,0.005,1,-0.028,0,0,0,2.764633456134661,6.887,0.576,VALID,-0.051,-0.017,0.999,0.028,0,0,0,2.428232296921643,6.454,0.574,0.7883428,0,2.1752783,2175.2783,4.913099999999758,-3.383287617281726,-0.5729673448571527,false,,true,true,true,false,false,true,true,false,false,false,true,true,true,false
725587,1000003886812091900,63875744677704,-0.018,1.175,0.039,0.03,-0.013,0.028,0.999,VALID,-0.059,0.001,0.998,0,0,0,52.375,VALID,0.011,0.022,1,-0.028,0,0,0,2.784626153063101,6.887,0.595,VALID,-0.05,-0.005,0.999,0.028,0,0,0,2.462751522704455,6.454,0.6,0.7599397,0,2.1803464,2180.3464,5.0680999999999585,-3.383287617281726,0.0572957890623832,false,,true,true,true,false,false,true,true,false,false,false,true,true,true,false
725588,1000003886817707200,63875744677704,-0.018,1.175,0.039,0.03,-0.013,0.028,0.999,VALID,-0.058,0.008,0.998,0,0,0,52.375,VALID,0.012,0.035,0.999,-0.028,0,0,0,2.8067774506030605,6.887,0.613,VALID,-0.05,0.003,0.999,0.028,0,0,0,2.5009977705168946,6.454,0.622,0.7174289,0,2.1859617,2185.9617,5.615299999999934,-3.326073607492083,0.4583711254853259,false,,true,true,true,false,false,true,true,false,false,false,true,true,true,false
725589,1000003886822557000,63875744677716,-0.018,1.175,0.039,0.03,-0.013,0.028,0.999,VALID,-0.057,0.013,0.998,0,0,0,52.375,VALID,0.012,0.048,0.999,-0.028,0,0,0,2.825908995277307,6.887,0.63,VALID,-0.049,0.009,0.999,0.028,0,0,0,2.5340301379132524,6.454,0.64,0.6543394,0,2.1908115,2190.8115,4.849799999999959,-3.268852956299148,0.7448661150703432,false,,true,true,true,false,false,true,true,false,false,false,true,true,true,false
725590,1000003886827389000,63875744677716,-0.018,1.175,0.039,0.03,-0.013,0.028,0.999,VALID,-0.056,0.017,0.998,0,0,0,52.375,VALID,0.013,0.059,0.998,-0.028,0,0,0,2.8449703223147034,6.887,0.645,VALID,-0.048,0.014,0.999,0.028,0,0,0,2.5669412681163974,6.454,0.656,0.5945814,0,2.1956435,2195.6435,4.832000000000335,-3.211625776707483,0.97407517351896,false,,true,true,true,false,false,true,true,false,false,false,true,true,true,false
725591,1000003886832100700,63875744677726,-0.018,1.175,0.039,0.03,-0.013,0.028,0.999,VALID,-0.054,0.019,0.998,0,0,0,52.375,VALID,0.014,0.067,0.998,-0.028,0,0,0,2.8635570885816923,6.887,0.66,VALID,-0.047,0.017,0.999,0.028,0,0,0,2.599033025603596,6.454,0.67,0.5515125,0,2.2003552,2200.3552,4.711699999999837,-3.0971522847343267,1.0886853200163829,false,,true,true,true,false,false,true,true,false,false,false,true,true,true,false
725592,1000003886837115000,63875744677726,-0.018,1.175,0.039,0.03,-0.013,0.028,0.999,VALID,-0.052,0.021,0.998,0,0,0,52.375,VALID,0.014,0.072,0.997,-0.028,0,0,0,2.883337554675154,6.887,0.673,VALID,-0.047,0.02,0.999,0.028,0,0,0,2.6331858153754535,6.454,0.683,0.5227922,0,2.2053695,2205.3695,5.014299999999821,-2.9826540371430528,1.2032998233651468,false,,true,true,true,false,false,true,true,false,false,false,true,true,true,false
725593,1000003886842129400,63875744677738,-0.018,1.175,0.038,0.03,-0.013,0.028,0.999,VALID,-0.051,0.022,0.998,0,0,0,52.375,VALID,0.015,0.076,0.997,-0.028,0,0,0,2.9031184152497227,6.887,0.686,VALID,-0.046,0.021,0.999,0.028,0,0,0,2.667339286255139,6.454,0.697,0.5126447,0,2.2103839,2210.3839,5.014400000000023,-2.9253959133059113,1.2606088523503383,false,,true,true,true,false,false,true,true,false,false,false,true,true,true,false
725594,1000003886847162400,63875744677738,-0.018,1.175,0.038,0.03,-0.013,0.028,0.999,VALID,-0.049,0.024,0.999,0,0,0,52.375,VALID,0.016,0.078,0.997,-0.028,0,0,0,2.922972649309991,6.887,0.697,VALID,-0.046,0.023,0.999,0.028,0,0,0,2.7016194431906584,6.454,0.706,0.5077008,0,2.2154169,2215.4169,5.0330000000003565,-2.8080530625387645,1.3752307520185663,false,,true,true,true,false,false,true,true,false,false,false,true,true,true,false
725595,1000003886852176800,63875744677738,-0.018,1.175,0.038,0.03,-0.013,0.028,0.999,VALID,-0.048,0.026,0.999,0,0,0,52.375,VALID,0.016,0.079,0.997,-0.028,0,0,0,2.942753509884559,6.887,0.706,VALID,-0.046,0.025,0.999,0.028,0,0,0,2.7357729140703437,6.454,0.711,0.5112821,0,2.2204313,2220.4313,5.014400000000023,-2.7508347958812327,1.4898581568539333,false,,true,true,true,false,false,true,true,false,false,false,true,true,true,false
725596,1000003886857191200,63875744677749,-0.018,1.175,0.039,0.03,-0.013,0.028,0.999,VALID,-0.046,0.027,0.999,0,0,0,52.375,VALID,0.017,0.08,0.997,-0.028,0,0,0,2.9625343704591276,6.887,0.713,VALID,-0.045,0.026,0.999,0.028,0,0,0,2.7699263849500295,6.454,0.713,0.5149947,0,2.2254457,2225.4457,5.014400000000023,-2.6363819013358722,1.5471740673445704,false,,true,true,true,false,false,true,true,false,false,false,true,true,true,false
725597,1000003886862205500,63875744677749,-0.018,1.175,0.039,0.03,-0.013,0.028,0.999,VALID,-0.045,0.028,0.999,0,0,0,52.375,VALID,0.017,0.081,0.997,-0.028,0,0,0,2.9823148365525896,6.887,0.718,VALID,-0.045,0.028,0.999,0.028,0,0,0,2.8040791747218865,6.454,0.717,0.52054,0,2.23046,2230.46,5.014299999999821,-2.5791475002834177,1.6044915265155903,false,,true,true,true,false,false,true,true,false,false,false,true,true,true,false
725598,1000003886867219900,63875744677761,-0.018,1.175,0.038,0.03,-0.013,0.028,0.999,VALID,-0.044,0.029,0.999,0,0,0,52.375,VALID,0.018,0.081,0.997,-0.028,0,0,0,3.002095697127158,6.887,0.722,VALID,-0.044,0.029,0.999,0.028,0,0,0,2.838232645601572,6.454,0.722,0.5250685,0,2.2354744,2235.4744,5.014400000000023,-2.5219079480404227,1.6618105918581296,false,,true,true,true,false,false,true,true,false,false,false,true,true,true,false
725599,1000003886872234300,63875744677761,-0.018,1.175,0.038,0.03,-0.013,0.028,0.999,VALID,-0.043,0.03,0.999,0,0,0,52.375,VALID,0.018,0.081,0.997,-0.028,0,0,0,3.0218765577017264,6.887,0.724,VALID,-0.044,0.029,0.999,0.028,0,0,0,2.8723861164812576,6.454,0.726,0.5293807,0,2.2404888,2240.4888,5.014400000000023,-2.4646633581811566,1.719131320877811,false,,true,true,true,false,false,true,true,false,false,false,true,true,true,false
725600,1000003886877248700,63875744677771,-0.018,1.175,0.038,0.03,-0.013,0.028,0.999,VALID,-0.043,0.03,0.999,0,0,0,52.375,VALID,0.018,0.082,0.996,-0.028,0,0,0,3.0416574182762948,6.887,0.727,VALID,-0.044,0.03,0.999,0.028,0,0,0,2.9065395873609434,6.454,0.733,0.5346989,0,2.2455032,2245.5032,5.014400000000023,-2.4646633581811566,1.719131320877811,false,,true,true,true,false,false,true,true,false,false,false,true,true,true,false
725601,1000003886882263100,63875744677772,-0.018,1.175,0.038,0.03,-0.013,0.028,0.999,VALID,-0.042,0.031,0.999,0,0,0,52.375,VALID,0.019,0.082,0.996,-0.028,0,0,0,3.061438278850863,6.887,0.729,VALID,-0.043,0.031,0.999,0.028,0,0,0,2.9406930582406288,6.454,0.737,0.5419699,0.2670962,2.2505176,2250.5176,5.014400000000023,-2.407413844340112,1.7764537710952644,false,,true,true,true,false,false,true,true,false,false,false,true,true,true,false
725602,1000003886887277500,63875744677783,-0.018,1.175,0.038,0.031,-0.013,0.028,0.999,VALID,-0.042,0.032,0.999,0,0,0,52.375,VALID,0.019,0.082,0.996,-0.028,0,0,0,3.0812191394254316,6.887,0.732,VALID,-0.043,0.032,0.999,0.028,0,0,0,2.974846529120314,6.454,0.743,0.548995,0.6894268,2.255532,2255.532,5.014400000000023,-2.407413844340112,1.833778000046647,false,,true,true,true,false,false,true,true,false,false,false,false,true,true,false
725603,1000003886892291900,63875744677783,-0.018,1.175,0.038,0.031,-0.013,0.028,0.999,VALID,-0.041,0.034,0.999,0,0,0,52.375,VALID,0.019,0.082,0.996,-0.028,0,0,0.45,3.101,6.887,0.736,VALID,-0.043,0.033,0.999,0.028,0,0,0.466,3.009,6.454,0.747,0.5582709,0.7780095,2.2605464,2260.5464,5.014400000000023,-2.3501595202106556,1.9484320243766013,false,,true,true,true,false,false,false,false,false,false,false,false,false,false,false
725604,1000003886897244500,63875744677783,-0.018,1.175,0.038,0.031,-0.013,0.028,0.999,VALID,-0.041,0.035,0.999,0,0,0,52.375,VALID,0.103,0.075,0.992,-0.028,0,0,0.45,3.1,6.887,0.738,VALID,-0.042,0.035,0.999,0.028,0,0,0.466,3.009,6.454,0.753,0.3563078,0.8033985,2.265499,2265.499,4.95259999999962,-2.3501595202106556,2.0057619349098257,false,,true,true,true,false,false,false,false,false,false,false,false,false,false,false
725605,1000003886902258900,63875744677794,-0.018,1.175,0.039,0.031,-0.013,0.028,0.999,VALID,-0.041,0.036,0.999,0,0,0,52.375,VALID,0.175,0.071,0.982,-0.028,0,0,0.45,3.1,6.887,0.74,VALID,-0.042,0.035,0.998,0.028,0,0,0.466,3.009,6.454,0.759,0.2482337,0.8887271,2.2705134,2270.5134,5.014400000000023,-2.3501595202106556,2.063093854487329,false,,true,true,true,false,false,false,false,false,false,false,false,false,false,false
725606,1000003886907273300,63875744677794,-0.018,1.175,0.039,0.031,-0.013,0.028,0.999,VALID,-0.041,0.036,0.999,0,0,0,52.375,VALID,0.222,0.068,0.973,-0.028,0,0,0.45,3.1,6.887,0.742,VALID,-0.042,0.036,0.998,0.028,0,0,0.466,3.009,6.454,0.763,0.2056971,0.902274,2.2755278,2275.5278,5.014400000000023,-2.3501595202106556,2.063093854487329,false,,true,true,true,false,false,false,false,false,false,false,false,false,false,false
725607,1000003886912303600,63875744677806,-0.018,1.175,0.038,0.031,-0.013,0.028,0.999,VALID,-0.04,0.036,0.999,0,0,0,52.375,VALID,0.243,0.066,0.968,-0.028,0,0,0.45,3.099,6.887,0.743,VALID,-0.042,0.036,0.998,0.028,0,0,0.466,3.009,6.454,0.77,,0.91431,2.2805581,2280.5581,5.030300000000352,-2.2929004995436886,2.063093854487329,false,,true,true,true,false,false,false,false,false,false,true,false,false,false,false
725608,1000003886917885200,63875744677806,-0.018,1.175,0.038,0.031,-0.013,0.028,0.999,VALID,-0.04,0.037,0.999,0,0,0,52.375,VALID,0.252,0.064,0.966,-0.028,0,0,0.464,3.197,6.887,0.744,VALID,-0.041,0.037,0.998,0.028,0,0,0.466,3.01,6.454,0.775,,0.9361513,2.2861397,2286.1397,5.58159999999998,-2.2929004995436886,2.120427840730745,false,,true,true,true,false,false,false,false,false,false,true,false,false,false,false
725609,1000003886922751500,63875744677817,-0.018,1.175,0.038,0.031,-0.013,0.028,0.999,VALID,-0.04,0.037,0.999,0,0,0,52.375,VALID,0.256,0.062,0.965,-0.028,0,0,0.467,3.216,6.887,0.745,VALID,-0.041,0.037,0.998,0.028,0,0,0.466,3.01,6.454,0.779,,0.9566214,2.291006,2291.006,4.866299999999683,-2.2929004995436886,2.120427840730745,false,,true,true,true,false,false,false,false,false,false,true,false,false,false,false
725610,1000003886927753700,63875744677817,-0.018,1.175,0.038,0.031,-0.013,0.028,0.999,VALID,-0.041,0.034,0.999,0,0,0,52.375,VALID,0.258,0.056,0.965,-0.028,0,0,0.468,3.221,6.887,0.746,VALID,-0.041,0.034,0.999,0.028,0,0,0.466,3.01,6.454,0.785,,0.6402216,2.2960082,2296.0082,5.002200000000357,-2.3501595202106556,1.9484320243766013,false,,true,true,true,false,false,false,false,false,false,true,false,false,false,false
725611,1000003886932327800,63875744677828,-0.018,1.175,0.038,0.031,-0.013,0.028,0.999,VALID,-0.041,0.032,0.999,0,0,0,52.375,VALID,0.259,0.05,0.965,-0.028,0,0,0.468,3.223,6.887,0.747,VALID,-0.042,0.032,0.999,0.028,0,0,0.466,3.011,6.454,0.79,,0.6437573,2.3005823,2300.5823,4.574099999999817,-2.3501595202106556,1.833778000046647,false,,true,true,true,false,false,false,false,false,false,true,false,false,false,false
725612,1000003886937325600,63875744677828,-0.018,1.175,0.038,0.031,-0.013,0.028,0.999,VALID,-0.041,0.031,0.999,0,0,0,52.375,VALID,0.211,0.054,0.976,-0.028,0,0,0.457,3.146,6.887,0.747,VALID,-0.042,0.031,0.999,0.028,0,0,0.467,3.011,6.454,0.795,0.2159652,0.6647959,2.3055801,2305.5801,4.9978000000000975,-2.3501595202106556,1.7764537710952644,false,,true,true,true,false,false,false,false,false,false,false,false,false,false,false
725613,1000003886942366000,63875744677839,-0.018,1.175,0.038,0.031,-0.013,0.028,0.999,VALID,-0.042,0.03,0.999,0,0,0,52.375,VALID,0.203,0.057,0.978,-0.028,0,0,0.454,3.129,6.887,0.748,VALID,-0.042,0.03,0.999,0.028,0,0,0.467,3.012,6.454,0.796,0.2223085,0.6663223,2.3106205,2310.6205,5.040399999999863,-2.407413844340112,1.719131320877811,false,,true,true,true,false,false,false,false,false,false,false,false,false,false,false
725614,1000003886947368200,63875744677850,-0.019,1.175,0.038,0.031,-0.013,0.029,0.999,VALID,-0.041,0.031,0.999,0,0,0,52.375,VALID,0.143,0.055,0.988,-0.028,0,0,0.454,3.125,6.887,0.747,VALID,-0.042,0.031,0.999,0.028,0,0,0.467,3.012,6.454,0.798,0.2946385,0.3534999,2.3156227,2315.6227,5.0021999999999025,-2.3501595202106556,1.7764537710952644,false,,true,true,true,false,false,false,false,false,false,false,false,false,false,false
725615,1000003886952384000,63875744677850,-0.019,1.175,0.038,0.031,-0.013,0.029,0.999,VALID,-0.041,0.032,0.999,0,0,0,52.375,VALID,0.105,0.058,0.993,-0.028,0,0,0.454,3.124,6.887,0.747,VALID,-0.042,0.032,0.999,0.028,0,0,0.467,3.012,6.454,0.8,0.3687244,0.3520715,2.3206385,2320.6385,5.015800000000127,-2.3501595202106556,1.833778000046647,false,,true,true,true,false,false,false,false,false,false,false,false,false,false,false
725616,1000003886957386200,63875744677861,-0.019,1.175,0.038,0.031,-0.013,0.029,0.999,VALID,-0.041,0.033,0.999,0,0,0,52.375,VALID,0.076,0.059,0.995,-0.028,0,0,0.454,3.124,6.887,0.748,VALID,-0.042,0.033,0.999,0.028,0,0,0.467,3.012,6.454,0.799,0.4534753,0.3425943,2.3256407,2325.6407,5.0021999999999025,-2.3501595202106556,1.8911040652841664,false,,true,true,true,false,false,false,false,false,false,false,false,false,false,false
725617,1000003886962403800,63875744677861,-0.019,1.175,0.038,0.031,-0.013,0.029,0.999,VALID,-0.041,0.034,0.999,0,0,0,52.375,VALID,0.056,0.06,0.997,-0.028,0,0,0.454,3.124,6.887,0.748,VALID,-0.041,0.034,0.999,0.028,0,0,0.467,3.012,6.454,0.801,0.5348802,0.3461399,2.3306583,2330.6583,5.0176000000001295,-2.3501595202106556,1.9484320243766013,false,,true,true,true,false,false,false,false,false,false,false,false,false,false,false
725618,1000003886967434100,63875744677861,-0.019,1.175,0.038,0.031,-0.013,0.029,0.999,VALID,-0.041,0.035,0.999,0,0,0,52.375,VALID,0.043,0.062,0.997,-0.028,0,0,0.454,3.124,6.887,0.747,VALID,-0.041,0.035,0.999,0.028,0,0,0.467,3.012,6.454,0.801,0.6010115,0.3417449,2.3356886,2335.6886,5.030299999999897,-2.3501595202106556,2.0057619349098257,false,,true,true,true,false,false,false,false,false,false,false,false,false,false,false
725619,1000003886972431900,63875744677872,-0.019,1.175,0.038,0.031,-0.013,0.029,0.999,VALID,-0.04,0.036,0.999,0,0,0,52.375,VALID,0.035,0.064,0.997,-0.028,0,0,0.454,3.124,6.887,0.747,VALID,-0.041,0.036,0.999,0.028,0,0,0.467,3.011,6.454,0.798,0.6474319,0.3497622,2.3406864,2340.6864,4.9978000000000975,-2.2929004995436886,2.063093854487329,false,,true,true,true,false,false,false,false,false,false,false,false,false,false,false
725620,1000003886977452900,63875744677872,-0.019,1.175,0.038,0.031,-0.013,0.029,0.999,VALID,-0.04,0.037,0.999,0,0,0,52.375,VALID,0.007,0.062,0.998,-0.028,0,0,0.453,3.123,6.887,0.747,VALID,-0.041,0.037,0.998,0.028,0,0,0.466,3.011,6.454,0.794,0.9056107,0.3604763,2.3457074,2345.7074,5.020999999999731,-2.2929004995436886,2.120427840730745,false,,true,true,true,false,false,false,false,false,false,false,false,false,false,false
725621,1000003886982450700,63875744677872,-0.019,1.175,0.038,0.031,-0.013,0.029,0.999,VALID,-0.04,0.038,0.998,0,0,0,52.375,VALID,0.012,0.064,0.998,-0.028,0,0,0.453,3.12,6.887,0.747,VALID,-0.041,0.038,0.998,0.028,0,0,0.466,3.01,6.454,0.787,0.8505993,0.3653718,2.3507052,2350.7052,4.9978000000000975,-2.29519553918841,2.1777639512803675,false,,true,true,true,false,false,false,false,false,false,false,false,false,false,false
725622,1000003886987492100,63875744677883,-0.019,1.175,0.038,0.031,-0.014,0.029,0.999,VALID,-0.04,0.04,0.998,0,0,0,52.375,VALID,0.015,0.066,0.998,-0.028,0,0,0.453,3.118,6.887,0.746,VALID,-0.04,0.04,0.998,0.028,0,0,0.466,3.01,6.454,0.778,0.8326216,0.2394842,2.3557466,2355.7466,5.041400000000067,-2.29519553918841,2.292442775955887,false,,true,true,true,false,false,false,false,false,false,false,true,false,false,false
725623,1000003886992618400,63875744677883,-0.019,1.175,0.038,0.031,-0.014,0.029,0.999,VALID,-0.039,0.042,0.998,0,0,0,52.375,VALID,0.027,0.065,0.998,-0.028,0,0,0.453,3.117,6.887,0.746,VALID,-0.039,0.042,0.998,0.028,0,0,0.466,3.01,6.454,0.781,0.749504,0.2384888,2.3608729,2360.8729,5.126299999999901,-2.2378747368368743,2.4071307900294796,false,,true,true,true,false,false,false,false,false,false,false,true,false,false,false
725624,1000003886997639400,63875744677894,-0.019,1.175,0.038,0.031,-0.014,0.029,0.999,VALID,-0.038,0.044,0.998,0,0,0,52.375,VALID,0.025,0.067,0.997,-0.028,0,0,0.452,3.115,6.887,0.745,VALID,-0.039,0.044,0.998,0.028,0,0,0.467,3.011,6.454,0.787,0.7737772,0.2052364,2.3658939,2365.8939,5.0210000000001855,-2.1805494521972673,2.5218284553489743,false,,true,true,true,false,false,false,false,false,false,false,true,false,false,false
725625,1000003887002637200,63875744677894,-0.019,1.175,0.038,0.031,-0.014,0.029,0.999,VALID,-0.038,0.045,0.998,0,0,0,52.375,VALID,0.023,0.069,0.997,-0.028,0,0,0.452,3.113,6.887,0.745,VALID,-0.038,0.045,0.998,0.028,0,0,0.467,3.012,6.454,0.798,0.790979,0.1972637,2.3708917,2370.8917,4.9978000000000975,-2.1805494521972673,2.579181051648375,false,,true,true,true,false,false,false,false,false,false,false,true,false,false,false
725626,1000003887007629400,63875744677894,-0.019,1.175,0.038,0.031,-0.014,0.029,0.999,VALID,-0.037,0.046,0.998,0,0,0,52.375,VALID,0.031,0.067,0.997,-0.028,0,0,0.452,3.111,6.887,0.744,VALID,-0.038,0.046,0.998,0.028,0,0,0.467,3.013,6.454,0.812,0.7397847,0.197492,2.3758839,2375.8839,4.992199999999684,-2.123219799525733,2.6365362341112917,false,,true,true,true,false,false,false,false,false,false,false,true,false,false,false
725627,1000003887012498900,63875744677905,-0.019,1.175,0.038,0.031,-0.014,0.029,0.999,VALID,-0.037,0.047,0.998,0,0,0,52.375,VALID,0.037,0.066,0.997,-0.028,0,0,0.451,3.109,6.887,0.742,VALID,-0.037,0.047,0.998,0.028,0,0,0.467,3.014,6.454,0.826,0.7038093,0.1937142,2.3807534,2380.7534,4.869500000000244,-2.123219799525733,2.6938940605696544,false,,true,true,true,false,false,false,false,false,false,false,true,false,false,false
725628,1000003887017496700,63875744677905,-0.019,1.175,0.038,0.031,-0.014,0.029,0.999,VALID,-0.036,0.047,0.998,0,0,0,52.375,VALID,0.033,0.067,0.997,-0.028,0,0,0.451,3.106,6.887,0.741,VALID,-0.037,0.047,0.998,0.028,0,0,0.467,3.014,6.454,0.839,0.740851,0.2002813,2.3857512,2385.7512,4.9978000000000975,-2.0658858931308135,2.6938940605696544,false,,true,true,true,false,false,false,false,false,false,false,true,false,false,false
725629,1000003887022799100,63875744677917,-0.019,1.175,0.038,0.031,-0.014,0.029,0.999,VALID,-0.036,0.05,0.998,0,0,0,52.375,VALID,0.038,0.067,0.997,-0.028,0,0,0.451,3.104,6.887,0.739,VALID,-0.037,0.05,0.998,0.028,0,0,0.467,3.013,6.454,0.85,0.7146272,0.3256778,2.3910536,2391.0536,5.302400000000034,-2.0658858931308135,2.8659839825988622,false,,true,true,true,false,false,false,false,false,false,false,false,false,false,false
725630,1000003887027788500,63875744677917,-0.019,1.175,0.038,0.031,-0.014,0.029,0.999,VALID,-0.037,0.052,0.998,0,0,0,52.375,VALID,0.034,0.068,0.997,-0.028,0,0,0.45,3.102,6.887,0.738,VALID,-0.037,0.052,0.998,0.028,0,0,0.466,3.01,6.454,0.858,0.753576,0.3328966,2.396043,2396.043,4.989399999999932,-2.123219799525733,2.980724878615555,false,,true,true,true,false,false,false,false,false,false,false,false,false,false,false
725631,1000003887032809500,63875744677928,-0.019,1.175,0.038,0.031,-0.014,0.029,0.999,VALID,-0.037,0.054,0.998,0,0,0,52.375,VALID,0.037,0.068,0.997,-0.028,0,0,0.45,3.098,6.887,0.736,VALID,-0.037,0.054,0.998,0.028,0,0,0.466,3.006,6.454,0.866,0.7304057,0.3271645,2.401064,2401.064,5.020999999999731,-2.123219799525733,3.095477740691912,false,,true,true,true,false,false,false,false,false,false,false,false,false,false,false
725632,1000003887037798900,63875744677928,-0.019,1.175,0.038,0.031,-0.014,0.029,0.999,VALID,-0.037,0.056,0.998,0,0,0,52.375,VALID,0.04,0.068,0.997,-0.028,0,0,0.449,3.094,6.887,0.732,VALID,-0.037,0.056,0.998,0.028,0,0,0.464,2.994,6.454,0.872,0.7130681,0.3150286,2.4060534,2406.0534,4.989399999999932,-2.123219799525733,3.2102430330243474,false,,true,true,true,false,false,false,false,false,false,false,false,false,false,false
725633,1000003887042607400,63875744677939,-0.019,1.175,0.038,0.031,-0.014,0.029,0.999,VALID,-0.036,0.056,0.998,0,0,0,52.375,VALID,0.036,0.069,0.997,-0.028,0,0,0.449,3.089,6.887,0.73,VALID,-0.037,0.056,0.998,0.028,0,0,0.462,2.982,6.454,0.877,0.7460675,0.476261,2.4108619,2410.8619,4.808500000000095,-2.0658858931308135,3.2102430330243474,false,,true,true,true,false,false,false,false,false,false,false,false,false,false,false
725634,1000003887047596800,63875744677939,-0.019,1.175,0.038,0.031,-0.014,0.029,0.999,VALID,-0.036,0.055,0.998,0,0,0,52.375,VALID,0.039,0.068,0.997,-0.028,0,0,0.447,3.076,6.887,0.729,VALID,-0.036,0.055,0.998,0.028,0,0,0.46,2.971,6.454,0.881,0.7264125,0.4679179,2.4158513,2415.8513,4.989399999999932,-2.0658858931308135,3.152858804046428,false,,true,true,true,false,false,false,false,false,false,false,false,false,false,false
725635,1000003887052599300,63875744677939,-0.019,1.175,0.038,0.031,-0.014,0.029,0.999,VALID,-0.036,0.055,0.998,0,0,0,52.375,VALID,0.041,0.067,0.997,-0.028,0,0,0.445,3.065,6.887,0.727,VALID,-0.036,0.055,0.998,0.028,0,0,0.459,2.96,6.454,0.885,0.7148122,0.4484603,2.4208538,2420.8538,5.002500000000055,-2.0658858931308135,3.152858804046428,false,,true,true,true,false,false,false,false,false,false,false,false,false,false,false
725636,1000003887057622400,63875744677950,-0.019,1.175,0.038,0.031,-0.014,0.029,0.999,VALID,-0.035,0.055,0.998,0,0,0,52.375,VALID,0.037,0.068,0.997,-0.028,0,0,0.444,3.055,6.887,0.725,VALID,-0.035,0.055,0.998,0.028,0,0,0.457,2.951,6.454,0.888,0.7457827,0.4353156,2.4258769,2425.8769,5.0231000000003405,-2.0085478473720904,3.152858804046428,false,,true,true,true,false,false,false,false,false,false,false,false,false,false,false
725637,1000003887062624900,63875744677950,-0.019,1.175,0.038,0.031,-0.014,0.029,0.999,VALID,-0.035,0.055,0.998,0,0,0,52.375,VALID,0.04,0.067,0.997,-0.028,0,0,0.442,3.042,6.887,0.724,VALID,-0.035,0.055,0.998,0.028,0,0,0.455,2.939,6.454,0.891,0.73004,0.4154424,2.4308794,2430.8794,5.0024999999996,-2.0085478473720904,3.152858804046428,false,,true,true,true,false,false,false,false,false,false,false,false,false,false,false
725638,1000003887067636300,63875744677961,-0.019,1.175,0.038,0.031,-0.014,0.029,0.999,VALID,-0.034,0.054,0.998,0,0,0,52.375,VALID,0.03,0.066,0.997,-0.028,0,0,0.44,3.032,6.887,0.722,VALID,-0.034,0.054,0.998,0.028,0,0,0.452,2.919,6.454,0.893,0.8434368,0.2269874,2.4358908,2435.8908,5.011400000000322,-1.9512057766588216,3.095477740691912,false,,true,true,true,false,false,false,false,false,false,false,true,false,false,false
725639,1000003887072638800,63875744677961,-0.019,1.175,0.038,0.031,-0.014,0.029,0.999,VALID,-0.034,0.054,0.998,0,0,0,52.375,VALID,0.033,0.065,0.997,-0.028,0,0,0.439,3.022,6.887,0.72,VALID,-0.034,0.054,0.998,0.028,0,0,0.45,2.903,6.454,0.895,0.8153324,0.03792121,2.4408933,2440.8933,5.002500000000055,-1.9512057766588216,3.095477740691912,false,,true,true,true,false,false,false,false,false,false,false,true,false,false,false
725640,1000003887077706400,63875744677973,-0.019,1.175,0.038,0.031,-0.014,0.029,0.999,VALID,-0.034,0.054,0.998,0,0,0,52.375,VALID,0.03,0.066,0.997,-0.028,0,0,0.437,3.007,6.887,0.717,VALID,-0.034,0.054,0.998,0.028,0,0,0.447,2.888,6.454,0.897,0.8477271,0.03581799,2.4459609,2445.9609,5.067599999999857,-1.9512057766588216,3.095477740691912,false,,true,true,true,false,false,false,false,false,false,false,true,false,false,false
725641,1000003887082708900,63875744677973,-0.019,1.175,0.038,0.031,-0.014,0.029,0.999,VALID,-0.032,0.052,0.998,0,0,0,52.375,VALID,0.032,0.063,0.998,-0.028,0,0,0.435,2.993,6.887,0.715,VALID,-0.032,0.052,0.998,0.028,0,0,0.445,2.875,6.454,0.899,0.8576977,0,2.4509634,2450.9634,5.002500000000055,-1.8365100182458882,2.980724878615555,false,,true,true,true,false,false,false,false,false,false,false,true,false,false,false
725642,1000003887087730100,63875744677983,-0.019,1.175,0.038,0.031,-0.014,0.029,0.999,VALID,-0.03,0.052,0.998,0,0,0,52.375,VALID,0.033,0.06,0.998,-0.028,0,0,0.432,2.977,6.887,0.713,VALID,-0.03,0.052,0.998,0.028,0,0,0.443,2.859,6.454,0.902,0.8713962,0,2.4559846,2455.9846,5.021199999999681,-1.7217995341078054,2.980724878615555,false,,true,true,true,false,false,false,false,false,false,false,true,false,false,false
725643,1000003887092719500,63875744677983,-0.019,1.175,0.038,0.031,-0.014,0.029,0.999,VALID,-0.028,0.051,0.998,0,0,0,52.375,VALID,0.027,0.057,0.998,-0.028,0,0,0.429,2.956,6.887,0.71,VALID,-0.028,0.051,0.998,0.028,0,0,0.441,2.847,6.454,0.903,1.010289,0,2.460974,2460.974,4.989400000000387,-1.607075241167837,2.923352963844877,false,,true,true,true,false,false,false,false,false,false,false,true,false,false,false
725644,1000003887097733100,63875744677995,-0.019,1.175,0.038,0.031,-0.014,0.029,0.999,VALID,-0.026,0.05,0.998,0,0,0,52.375,VALID,0.028,0.053,0.998,-0.028,0,0,0.426,2.934,6.887,0.708,VALID,-0.026,0.05,0.998,0.028,0,0,0.439,2.832,6.454,0.905,1.019707,0,2.4659876,2465.9876,5.013599999999769,-1.4923380570129183,2.8659839825988622,false,,true,true,true,false,false,false,false,false,false,false,true,false,false,false
725645,1000003887102746800,63875744677995,-0.019,1.175,0.038,0.031,-0.014,0.029,0.999,VALID,-0.025,0.049,0.999,0,0,0,52.375,VALID,0.022,0.05,0.999,-0.028,0,0,0.44,3.029,6.887,0.706,VALID,-0.025,0.049,0.999,0.028,0,0,0.437,2.817,6.454,0.906,2,0,2.4710013,2471.0013,5.013699999999972,-1.433529116001614,2.8086178769206227,false,,true,true,true,false,false,false,false,false,false,false,true,false,false,false
725646,1000003887107749300,63875744677995,-0.019,1.175,0.038,0.031,-0.014,0.029,0.999,VALID,-0.023,0.047,0.999,0,0,0,52.375,VALID,0.025,0.047,0.999,-0.028,0,0,0.441,3.04,6.887,0.703,VALID,-0.023,0.047,0.999,0.028,0,0,0.435,2.804,6.454,0.907,2,0,2.4760038,2476.0038,5.002500000000055,-1.31888905385121,2.6938940605696544,false,,true,true,true,false,false,false,false,false,false,false,true,false,false,false
725647,1000003887112765000,63875744678005,-0.019,1.175,0.038,0.031,-0.014,0.029,0.999,VALID,-0.022,0.045,0.999,0,0,0,52.375,VALID,0.019,0.044,0.999,-0.028,0,0,0.441,3.04,6.887,0.701,VALID,-0.022,0.045,0.999,0.028,0,0,0.432,2.786,6.454,0.909,2,0,2.4810195,2481.0195,5.015699999999924,-1.2615650044101538,2.579181051648375,false,,true,true,true,false,false,false,false,false,false,false,true,false,false,false
725648,1000003887117784600,63875744678005,-0.019,1.175,0.038,0.031,-0.014,0.029,0.999,VALID,-0.021,0.043,0.999,0,0,0,52.375,VALID,0.022,0.041,0.999,-0.028,0,0,0.441,3.035,6.887,0.699,VALID,-0.021,0.043,0.999,0.028,0,0,0.429,2.769,6.454,0.91,2,0,2.4860391,2486.0391,5.019600000000082,-1.2042384288299293,2.464478387404561,false,,true,true,true,false,false,false,false,false,false,false,true,false,false,false
725649,1000003887122805300,63875744678016,-0.019,1.175,0.038,0.031,-0.014,0.029,0.999,VALID,-0.02,0.042,0.999,0,0,0,52.375,VALID,0.023,0.039,0.999,-0.028,0,0,0.439,3.02,6.887,0.696,VALID,-0.02,0.042,0.999,0.028,0,0,0.426,2.749,6.454,0.911,2,0,2.4910598,2491.0598,5.0207000000000335,-1.1469094417273433,2.4071307900294796,false,,true,true,true,false,false,false,false,false,false,false,true,false,false,false
725650,1000003887127882700,63875744678016,-0.019,1.175,0.038,0.031,-0.014,0.029,0.999,VALID,-0.02,0.04,0.999,0,0,0,52.375,VALID,0.018,0.037,0.999,-0.028,0,0,0.438,3.018,6.887,0.694,VALID,-0.02,0.04,0.999,0.028,0,0,0.423,2.731,6.454,0.912,2,0,2.4961372,2496.1372,5.077400000000125,-1.1469094417273433,2.292442775955887,false,,true,true,true,false,false,false,false,false,false,false,true,false,false,false
725651,1000003887132896400,63875744678028,-0.019,1.175,0.038,0.031,-0.014,0.029,0.999,VALID,-0.019,0.039,0.999,0,0,0,52.375,VALID,0.013,0.036,0.999,-0.028,0,0,0.441,3.035,6.887,0.693,VALID,-0.019,0.039,0.999,0.028,0,0,0.42,2.711,6.454,0.913,2,0,2.5011509,2501.1509,5.013699999999972,-1.089578157748161,2.2351022437956822,false,,true,true,true,false,false,false,false,false,false,false,true,false,false,false
725652,1000003887137910100,63875744678028,-0.019,1.175,0.038,0.031,-0.014,0.029,0.999,VALID,-0.018,0.037,0.999,0,0,0,52.375,VALID,0.008,0.035,0.999,-0.028,0,0,0.442,3.046,6.887,0.691,VALID,-0.018,0.037,0.999,0.028,0,0,0.417,2.692,6.454,0.914,2,0,2.5061646,2506.1646,5.013699999999972,-1.032244691565731,2.120427840730745,false,,true,true,true,false,false,false,false,false,false,false,true,false,false,false
725653,1000003887142904700,63875744678039,-0.019,1.175,0.038,0.031,-0.014,0.029,0.999,VALID,-0.018,0.036,0.999,0,0,0,52.375,VALID,0.004,0.034,0.999,-0.028,0,0,0.444,3.055,6.887,0.689,VALID,-0.018,0.036,0.999,0.028,0,0,0.415,2.678,6.454,0.915,2,0,2.5111592,2511.1592,4.994599999999991,-1.032244691565731,2.063093854487329,false,,true,true,true,false,false,false,false,false,false,false,true,false,false,false
725654,1000003887147916300,63875744678039,-0.019,1.175,0.038,0.031,-0.014,0.029,0.999,VALID,-0.018,0.035,0.999,0,0,0,52.375,VALID,0.001,0.032,0.999,-0.028,0,0,0.445,3.064,6.887,0.688,VALID,-0.018,0.035,0.999,0.028,0,0,0.413,2.664,6.454,0.916,2,0,2.5161708,2516.1708,5.011599999999817,-1.032244691565731,2.0057619349098257,false,,true,true,true,false,false,false,false,false,false,false,true,false,false,false
725655,1000003887152930000,63875744678050,-0.019,1.175,0.038,0.031,-0.014,0.029,0.999,VALID,-0.018,0.035,0.999,0,0,0,52.375,VALID,-0.004,0.034,0.999,-0.028,0,0,0.444,3.055,6.887,0.686,VALID,-0.018,0.035,0.999,0.028,0,0,0.411,2.652,6.454,0.917,2,0,2.5211845,2521.1845,5.013699999999972,-1.032244691565731,2.0057619349098257,false,,true,true,true,false,false,false,false,false,false,false,true,false,false,false
725656,1000003887157925000,63875744678050,-0.019,1.175,0.038,0.031,-0.014,0.029,0.999,VALID,-0.018,0.036,0.999,0,0,0,52.375,VALID,-0.007,0.034,0.999,-0.028,0,0,0.438,3.016,6.887,0.685,VALID,-0.018,0.036,0.999,0.028,0,0,0.409,2.64,6.454,0.917,2,0,2.5261795,2526.1795,4.995000000000346,-1.032244691565731,2.063093854487329,false,,true,true,true,false,false,false,false,false,false,false,true,false,false,false
725657,1000003887162938700,63875744678061,-0.019,1.175,0.038,0.031,-0.014,0.029,0.999,VALID,-0.019,0.036,0.999,0,0,0,52.375,VALID,-0.01,0.035,0.999,-0.028,0,0,0.432,2.975,6.887,0.683,VALID,-0.019,0.036,0.999,0.028,0,0,0.407,2.626,6.454,0.918,2,0,2.5311932,2531.1932,5.013699999999972,-1.089578157748161,2.063093854487329,false,,true,true,true,false,false,false,false,false,false,false,true,false,false,false
725658,1000003887167943700,63875744678061,-0.019,1.175,0.038,0.031,-0.014,0.029,0.999,VALID,-0.019,0.037,0.999,0,0,0,52.375,VALID,-0.012,0.036,0.999,-0.028,0,0,0.426,2.933,6.887,0.681,VALID,-0.019,0.037,0.999,0.028,0,0,0.405,2.611,6.454,0.919,2,0,2.5361982,2536.1982,5.004999999999654,-1.089578157748161,2.120427840730745,false,,true,true,true,false,false,false,false,false,false,false,true,false,false,false
725659,1000003887172900800,63875744678061,-0.019,1.175,0.038,0.031,-0.014,0.029,0.999,VALID,-0.019,0.037,0.999,0,0,0,52.375,VALID,-0.015,0.036,0.999,-0.028,0,0,0.421,2.899,6.887,0.68,VALID,-0.019,0.037,0.999,0.028,0,0,0.403,2.598,6.454,0.92,2,0,2.5411553,2541.1553,4.957100000000082,-1.089578157748161,2.120427840730745,false,,true,true,true,false,false,false,false,false,false,false,true,false,false,false
725660,1000003887177914900,63875744678072,-0.019,1.175,0.038,0.031,-0.014,0.029,0.999,VALID,-0.02,0.037,0.999,0,0,0,52.375,VALID,-0.016,0.037,0.999,-0.028,0,0,0.418,2.879,6.887,0.677,VALID,-0.02,0.037,0.999,0.028,0,0,0.4,2.581,6.454,0.921,2,0.3807902,2.5461694,2546.1694,5.014100000000326,-1.1469094417273433,2.120427840730745,false,,true,true,true,false,false,false,false,false,false,false,false,false,false,false
725661,1000003887182966500,63875744678072,-0.019,1.175,0.038,0.031,-0.014,0.029,0.999,VALID,-0.02,0.037,0.999,0,0,0,52.375,VALID,-0.018,0.037,0.999,-0.028,0,0,0.414,2.848,6.887,0.675,VALID,-0.02,0.037,0.999,0.028,0,0,0.397,2.563,6.454,0.922,2,0.5099614,2.551221,2551.221,5.05159999999978,-1.1469094417273433,2.120427840730745,false,,true,true,true,false,false,false,false,false,false,false,false,false,false,false
725662,1000003887188004900,63875744678083,-0.019,1.175,0.038,0.031,-0.014,0.029,0.999,VALID,-0.02,0.037,0.999,0,0,0,52.375,VALID,-0.018,0.036,0.999,-0.028,0,0,0.411,2.828,6.887,0.674,VALID,-0.02,0.037,0.999,0.028,0,0,0.394,2.545,6.454,0.923,2,0.4770304,2.5562594,2556.2594,5.0383999999999105,-1.1469094417273433,2.120427840730745,false,,true,true,true,false,false,false,false,false,false,false,false,false,false,false
725663,1000003887193019000,63875744678083,-0.019,1.175,0.038,0.031,-0.014,0.029,0.999,VALID,-0.02,0.037,0.999,0,0,0,52.375,VALID,-0.019,0.036,0.999,-0.028,0,0,0.409,2.816,6.887,0.673,VALID,-0.02,0.037,0.999,0.028,0,0,0.392,2.53,6.454,0.924,2,0.3555219,2.5612735,2561.2735,5.014099999999871,-1.1469094417273433,2.120427840730745,false,,true,true,true,false,false,false,false,false,false,false,false,false,false,false
725664,1000003887198033100,63875744678094,-0.019,1.175,0.038,0.031,-0.014,0.029,0.999,VALID,-0.02,0.037,0.999,0,0,0,52.375,VALID,-0.02,0.036,0.999,-0.028,0,0,0.405,2.791,6.887,0.672,VALID,-0.02,0.037,0.999,0.028,0,0,0.39,2.515,6.454,0.924,2,0.3627665,2.5662876,2566.2876,5.014100000000326,-1.1469094417273433,2.120427840730745,false,,true,true,true,false,false,false,false,false,false,false,false,false,false,false
725665,1000003887203046900,63875744678094,-0.019,1.175,0.038,0.031,-0.014,0.029,0.999,VALID,-0.021,0.037,0.999,0,0,0,52.375,VALID,-0.022,0.036,0.999,-0.028,0,0,0.402,2.769,6.887,0.67,VALID,-0.021,0.037,0.999,0.028,0,0,0.387,2.5,6.454,0.925,2,0.3543516,2.5713014,2571.3014,5.013799999999719,-1.2042384288299293,2.120427840730745,false,,true,true,true,false,false,false,false,false,false,false,false,false,false,false
725666,1000003887208061000,63875744678094,-0.019,1.175,0.038,0.031,-0.014,0.029,0.999,VALID,-0.021,0.037,0.999,0,0,0,52.375,VALID,-0.022,0.036,0.999,-0.028,0,0,0.399,2.749,6.887,0.669,VALID,-0.021,0.037,0.999,0.028,0,0,0.385,2.486,6.454,0.926,2,0.3415105,2.5763155,2576.3155,5.014100000000326,-1.2042384288299293,2.120427840730745,false,,true,true,true,false,false,false,false,false,false,false,false,false,false,false
725667,1000003887213074800,63875744678105,-0.019,1.175,0.038,0.032,-0.014,0.029,0.999,VALID,-0.021,0.037,0.999,0,0,0,52.375,VALID,-0.023,0.036,0.999,-0.028,0,0,0.397,2.736,6.887,0.666,VALID,-0.021,0.037,0.999,0.028,0,0,0.383,2.472,6.454,0.926,2,0.3204695,2.5813293,2581.3293,5.013799999999719,-1.2042384288299293,2.120427840730745,false,,true,true,true,false,false,false,false,false,false,false,false,false,false,false
725668,1000003887218094600,63875744678105,-0.019,1.175,0.038,0.032,-0.014,0.029,0.999,VALID,-0.021,0.037,0.999,0,0,0,52.375,VALID,-0.024,0.036,0.999,-0.028,0,0,0.395,2.719,6.887,0.665,VALID,-0.021,0.037,0.999,0.028,0,0,0.381,2.459,6.454,0.927,2,0.3087527,2.5863491,2586.3491,5.019800000000032,-1.2042384288299293,2.120427840730745,false,,true,true,true,false,false,false,false,false,false,false,false,false,false,false
725669,1000003887223108700,63875744678117,-0.018,1.174,0.039,0.032,-0.014,0.029,0.999,VALID,-0.022,0.036,0.999,0,0,0,52.375,VALID,-0.025,0.036,0.999,-0.028,0,0,0.393,2.705,6.887,0.664,VALID,-0.022,0.036,0.999,0.028,0,0,0.379,2.446,6.454,0.928,2,0.3360382,2.5913632,2591.3632,5.014099999999871,-1.2615650044101538,2.063093854487329,false,,true,true,true,false,false,false,false,false,false,false,false,false,false,false
725670,1000003887228122500,63875744678117,-0.018,1.174,0.039,0.032,-0.014,0.029,0.999,VALID,-0.022,0.035,0.999,0,0,0,52.375,VALID,-0.024,0.035,0.999,-0.028,0,0,0.389,2.681,6.887,0.662,VALID,-0.022,0.035,0.999,0.028,0,0,0.377,2.431,6.454,0.929,2,0.1743422,2.596377,2596.377,5.013800000000174,-1.2615650044101538,2.0057619349098257,false,,true,true,true,false,false,false,false,false,false,false,true,false,false,false
725671,1000003887233136600,63875744678127,-0.018,1.174,0.039,0.032,-0.013,0.029,0.999,VALID,-0.022,0.034,0.999,0,0,0,52.375,VALID,-0.024,0.034,0.999,-0.028,0,0,0.387,2.662,6.887,0.661,VALID,-0.022,0.034,0.999,0.028,0,0,0.375,2.418,6.454,0.93,2,0.2162975,2.6013911,2601.3911,5.014099999999871,-1.2615650044101538,1.9484320243766013,false,,true,true,true,false,false,false,false,false,false,false,true,false,false,false
725672,1000003887238125900,63875744678127,-0.018,1.174,0.039,0.032,-0.013,0.029,0.999,VALID,-0.022,0.033,0.999,0,0,0,52.375,VALID,-0.025,0.033,0.999,-0.028,0,0,0.384,2.648,6.887,0.66,VALID,-0.022,0.033,0.999,0.028,0,0,0.372,2.404,6.454,0.93,2,0.1701142,2.6063804,2606.3804,4.989300000000185,-1.2615650044101538,1.8911040652841664,false,,true,true,true,false,false,false,false,false,false,false,true,false,false,false
725673,1000003887243140000,63875744678139,-0.018,1.174,0.039,0.032,-0.013,0.029,0.999,VALID,-0.022,0.032,0.999,0,0,0,52.375,VALID,-0.025,0.032,0.999,-0.028,0,0,0.382,2.631,6.887,0.659,VALID,-0.022,0.032,0.999,0.028,0,0,0.37,2.388,6.454,0.931,2,0.1280329,2.6113945,2611.3945,5.014099999999871,-1.2615650044101538,1.833778000046647,false,,true,true,true,false,false,false,false,false,false,false,true,false,false,false
725674,1000003887248153800,63875744678140,-0.018,1.174,0.039,0.032,-0.013,0.029,0.999,VALID,-0.023,0.03,0.999,0,0,0,52.375,VALID,-0.025,0.03,0.999,-0.028,0,0,0.381,2.621,6.887,0.658,VALID,-0.023,0.03,0.999,0.028,0,0,0.368,2.372,6.454,0.931,2,0.3445751,2.6164083,2616.4083,5.013800000000174,-1.31888905385121,1.719131320877811,false,,true,true,true,false,false,false,false,false,false,false,false,false,false,false
725675,1000003887253167900,63875744678150,-0.018,1.174,0.039,0.032,-0.013,0.029,0.999,VALID,-0.023,0.03,0.999,0,0,0,52.375,VALID,-0.026,0.03,0.999,-0.028,0,0,0.379,2.609,6.887,0.656,VALID,-0.023,0.03,0.999,0.028,0,0,0.366,2.359,6.454,0.932,2,0.2983921,2.6214224,2621.4224,5.014099999999871,-1.31888905385121,1.719131320877811,false,,true,true,true,false,false,false,false,false,false,false,true,false,false,false
725676,1000003887258169800,63875744678150,-0.018,1.174,0.039,0.032,-0.013,0.029,0.999,VALID,-0.023,0.028,0.999,0,0,0,52.375,VALID,-0.026,0.028,0.999,-0.028,0,0,0.378,2.602,6.887,0.655,VALID,-0.023,0.028,0.999,0.028,0,0,0.363,2.344,6.454,0.933,2,0.2374545,2.6264243,2626.4243,5.001900000000205,-1.31888905385121,1.6044915265155903,false,,true,true,true,false,false,false,false,false,false,false,true,false,false,false
725677,1000003887263183900,63875744678150,-0.018,1.174,0.039,0.032,-0.013,0.029,0.999,VALID,-0.024,0.027,0.999,0,0,0,52.375,VALID,-0.026,0.027,0.999,-0.028,0,0,0.377,2.596,6.887,0.653,VALID,-0.024,0.027,0.999,0.028,0,0,0.361,2.332,6.454,0.933,2,0.2419676,2.6314384,2631.4384,5.014099999999871,-1.3762104625666218,1.5471740673445704,false,,true,true,true,false,false,false,false,false,false,false,true,false,false,false
725678,1000003887268198000,63875744678161,-0.018,1.174,0.039,0.032,-0.013,0.029,0.999,VALID,-0.024,0.027,0.999,0,0,0,52.375,VALID,-0.027,0.026,0.999,-0.028,0,0,0.376,2.591,6.887,0.652,VALID,-0.024,0.027,0.999,0.028,0,0,0.36,2.321,6.454,0.934,2,0.1876705,2.6364525,2636.4525,5.014099999999871,-1.3762104625666218,1.5471740673445704,false,,true,true,true,false,false,false,false,false,false,false,true,false,false,false
725679,1000003887273221800,63875744678161,-0.018,1.174,0.039,0.032,-0.013,0.029,0.999,VALID,-0.025,0.025,0.999,0,0,0,52.375,VALID,-0.027,0.025,0.999,-0.028,0,0,0.375,2.584,6.887,0.651,VALID,-0.025,0.025,0.999,0.028,0,0,0.358,2.313,6.454,0.934,2,0.1298705,2.6414763,2641.4763,5.023799999999937,-1.433529116001614,1.4325437375665075,false,,true,true,true,false,false,false,false,false,false,false,true,false,false,false
725680,1000003887278235900,63875744678172,-0.018,1.174,0.039,0.032,-0.013,0.029,0.999,VALID,-0.025,0.024,0.999,0,0,0,52.375,VALID,-0.027,0.024,0.999,-0.028,0,0,0.374,2.573,6.887,0.649,VALID,-0.025,0.024,0.999,0.028,0,0,0.357,2.305,6.454,0.935,2,0.1242509,2.6464904,2646.4904,5.014100000000326,-1.433529116001614,1.3752307520185663,false,,true,true,true,false,false,false,false,false,false,false,true,false,false,false
725681,1000003887283214500,63875744678172,-0.018,1.174,0.039,0.032,-0.013,0.029,0.999,VALID,-0.026,0.023,0.999,0,0,0,52.375,VALID,-0.026,0.023,0.999,-0.028,0,0,0.371,2.554,6.887,0.648,VALID,-0.026,0.023,0.999,0.028,0,0,0.356,2.297,6.454,0.935,2,0.2781318,2.651469,2651.469,4.978599999999915,-1.4908448996344827,1.3179191427593082,false,,true,true,true,false,false,false,false,false,false,false,true,false,false,false
725682,1000003887288228600,63875744678184,-0.018,1.174,0.039,0.032,-0.013,0.03,0.999,VALID,-0.026,0.023,0.999,0,0,0,52.375,VALID,-0.026,0.023,0.999,-0.028,0,0,0.368,2.531,6.887,0.646,VALID,-0.026,0.023,0.999,0.028,0,0,0.354,2.288,6.454,0.936,2,0.4031592,2.6564831,2656.4831,5.014099999999871,-1.4908448996344827,1.3179191427593082,false,,true,true,true,false,false,false,false,false,false,false,false,false,false,false
725683,1000003887293242700,63875744678184,-0.018,1.174,0.039,0.032,-0.013,0.03,0.999,VALID,-0.027,0.022,0.999,0,0,0,52.375,VALID,-0.027,0.022,0.999,-0.028,0,0,0.365,2.511,6.887,0.645,VALID,-0.027,0.022,0.999,0.028,0,0,0.353,2.277,6.454,0.936,2,0.4014303,2.6614972,2661.4972,5.014099999999871,-1.5481576989779675,1.2606088523503383,false,,true,true,true,false,false,false,false,false,false,false,false,false,false,false
725684,1000003887298255000,63875744678184,-0.018,1.174,0.039,0.032,-0.013,0.03,0.999,VALID,-0.027,0.021,0.999,0,0,0,52.375,VALID,-0.027,0.021,0.999,-0.028,0,0,0.361,2.487,6.887,0.644,VALID,-0.027,0.021,0.999,0.028,0,0,0.351,2.265,6.454,0.936,2,0.3954602,2.6665095,2666.5095,5.012300000000323,-1.5481576989779675,1.2032998233651468,false,,true,true,true,false,false,false,false,false,false,false,false,false,false,false
725685,1000003887303269300,63875744678195,-0.018,1.174,0.039,0.032,-0.013,0.029,0.999,VALID,-0.028,0.02,0.999,0,0,0,52.375,VALID,-0.028,0.02,0.999,-0.028,0,0,0.359,2.474,6.887,0.643,VALID,-0.028,0.02,0.999,0.028,0,0,0.349,2.252,6.454,0.936,2,0.4073529,2.6715238,2671.5238,5.014299999999821,-1.6054673995806177,1.1459919983885924,false,,true,true,true,false,false,false,false,false,false,false,false,false,false,false
725686,1000003887308307200,63875744678206,-0.017,1.174,0.04,0.032,-0.013,0.03,0.999,VALID,-0.029,0.019,0.999,0,0,0,52.375,VALID,-0.028,0.019,0.999,-0.028,0,0,0.358,2.464,6.887,0.642,VALID,-0.029,0.019,0.999,0.028,0,0,0.347,2.241,6.454,0.937,2,0.4185557,2.6765617,2676.5617,5.037900000000263,-1.6627738870281594,1.0886853200163829,false,,true,true,true,false,false,false,false,false,false,false,false,false,false,false
725687,1000003887313319400,63875744678217,-0.017,1.174,0.04,0.032,-0.014,0.03,0.999,VALID,-0.03,0.02,0.999,0,0,0,52.375,VALID,-0.029,0.02,0.999,-0.028,0,0,0.357,2.456,6.887,0.642,VALID,-0.03,0.02,0.999,0.028,0,0,0.345,2.227,6.454,0.937,2,0.2259754,2.6815739,2681.5739,5.012199999999666,-1.720077046944863,1.1459919983885924,false,,true,true,true,false,false,false,false,false,false,false,true,false,false,false
725688,1000003887318333700,63875744678217,-0.017,1.174,0.04,0.032,-0.014,0.03,0.999,VALID,-0.031,0.021,0.999,0,0,0,52.375,VALID,-0.03,0.021,0.999,-0.028,0,0,0.355,2.445,6.887,0.64,VALID,-0.031,0.021,0.999,0.028,0,0,0.344,2.218,6.454,0.937,2,0.2219169,2.6865882,2686.5882,5.014300000000276,-1.7773767649949088,1.2032998233651468,false,,true,true,true,false,false,false,false,false,false,false,true,false,false,false
725689,1000003887323345900,63875744678217,-0.017,1.174,0.04,0.032,-0.014,0.03,0.999,VALID,-0.035,0.023,0.999,0,0,0,52.375,VALID,-0.031,0.023,0.999,-0.028,0,0,0.353,2.43,6.887,0.639,VALID,-0.035,0.023,0.999,0.028,0,0,0.342,2.207,6.454,0.937,2,0.09862458,2.6916004,2691.6004,5.012199999999666,-2.0065389332852783,1.3179191427593082,false,,true,true,true,false,false,false,false,false,false,false,true,false,false,false
725690,1000003887328360200,63875744678228,-0.017,1.173,0.04,0.032,-0.014,0.03,0.999,VALID,-0.037,0.023,0.999,0,0,0,52.375,VALID,-0.032,0.023,0.999,-0.028,0,0,0.351,2.416,6.887,0.638,VALID,-0.037,0.023,0.999,0.028,0,0,0.34,2.197,6.454,0.937,2,0,2.6966147,2696.6147,5.014300000000276,-2.1210963966614536,1.3179191427593082,false,,true,true,true,false,false,false,false,false,false,false,true,false,false,false
725691,1000003887333372400,63875744678228,-0.017,1.173,0.04,0.032,-0.014,0.03,0.999,VALID,-0.04,0.024,0.999,0,0,0,52.375,VALID,-0.034,0.024,0.999,-0.028,0,0,0.35,2.408,6.887,0.636,VALID,-0.04,0.024,0.999,0.028,0,0,0.338,2.184,6.454,0.937,2,0,2.7016269,2701.6269,5.012200000000121,-2.2929004995436886,1.3752307520185663,false,,true,true,true,false,false,false,false,false,false,false,true,false,false,false
725692,1000003887338386700,63875744678228,-0.017,1.173,0.04,0.032,-0.014,0.03,0.999,VALID,-0.042,0.024,0.999,0,0,0,52.375,VALID,-0.036,0.024,0.999,-0.028,0,0,0.348,2.399,6.887,0.635,VALID,-0.042,0.024,0.999,0.028,0,0,0.337,2.172,6.454,0.937,2,0,2.7066412,2706.6412,5.014299999999821,-2.407413844340112,1.3752307520185663,false,,true,true,true,false,false,false,false,false,false,false,true,false,false,false
725693,1000003887343380200,63875744678239,-0.017,1.173,0.04,0.032,-0.014,0.03,0.999,VALID,-0.045,0.024,0.999,0,0,0,52.375,VALID,-0.038,0.024,0.999,-0.028,0,0,0.347,2.389,6.887,0.632,VALID,-0.045,0.024,0.999,0.028,0,0,0.334,2.157,6.454,0.937,2,0,2.7116347,2711.6347,4.99350000000004,-2.5791475002834177,1.3752307520185663,false,,true,true,true,false,false,false,false,false,false,false,true,false,false,false
725694,1000003887348394500,63875744678239,-0.017,1.173,0.04,0.032,-0.014,0.03,0.999,VALID,-0.047,0.024,0.999,0,0,0,52.375,VALID,-0.04,0.024,0.999,-0.028,0,0,0.345,2.377,6.887,0.63,VALID,-0.047,0.024,0.999,0.028,0,0,0.333,2.147,6.454,0.937,2,0,2.716649,2716.649,5.014299999999821,-2.6936110376850793,1.3752307520185663,false,,true,true,true,false,false,false,false,false,false,false,true,false,false,false
725695,1000003887353399600,63875744678251,-0.017,1.173,0.04,0.032,-0.014,0.03,0.999,VALID,-0.049,0.025,0.998,0,0,0,52.375,VALID,-0.042,0.025,0.999,-0.028,0,0,0.344,2.37,6.887,0.63,VALID,-0.049,0.025,0.998,0.028,0,0,0.331,2.137,6.454,0.938,2,0,2.7216541,2721.6541,5.005100000000311,-2.810862232807306,1.4325437375665075,false,,true,true,true,false,false,false,false,false,false,false,true,false,false,false
725696,1000003887358413900,63875744678251,-0.017,1.173,0.04,0.032,-0.014,0.03,0.999,VALID,-0.051,0.026,0.998,0,0,0,52.375,VALID,-0.044,0.026,0.999,-0.028,0,0,0.343,2.359,6.887,0.628,VALID,-0.051,0.026,0.998,0.028,0,0,0.33,2.129,6.454,0.938,2,0,2.7266684,2726.6684,5.014299999999821,-2.9253959133059113,1.4898581568539333,false,,true,true,true,false,false,false,false,false,false,false,true,false,false,false
725697,1000003887363440900,63875744678262,-0.017,1.173,0.04,0.032,-0.014,0.03,0.999,VALID,-0.053,0.027,0.998,0,0,0,52.375,VALID,-0.046,0.027,0.999,-0.028,0,0,0.341,2.346,6.887,0.627,VALID,-0.053,0.027,0.998,0.028,0,0,0.329,2.12,6.454,0.938,2,0,2.7316954,2731.6954,5.027000000000044,-3.0399061987461087,1.5471740673445704,false,,true,true,true,false,false,false,false,false,false,false,true,false,false,false
725698,1000003887368455200,63875744678262,-0.017,1.173,0.04,0.032,-0.014,0.03,0.999,VALID,-0.055,0.027,0.998,0,0,0,52.375,VALID,-0.048,0.027,0.998,-0.028,0,0,0.339,2.336,6.887,0.626,VALID,-0.055,0.027,0.998,0.028,0,0,0.327,2.11,6.454,0.938,2,0,2.7367097,2736.7097,5.014299999999821,-3.154392181799537,1.5471740673445704,false,,true,true,true,false,false,false,false,false,false,false,true,false,false,false
725699,1000003887373482200,63875744678272,-0.017,1.173,0.04,0.032,-0.014,0.03,0.999,VALID,-0.055,0.027,0.998,0,0,0,52.375,VALID,-0.042,0.027,0.999,-0.028,0,0,0.337,2.322,6.887,0.626,VALID,-0.055,0.027,0.998,0.028,0,0,0.326,2.102,6.454,0.938,2,0,2.7417367,2741.7367,5.027000000000044,-3.154392181799537,1.5471740673445704,false,,true,true,true,false,false,false,false,false,false,false,true,false,false,false
725700,1000003887378496500,63875744678273,-0.017,1.173,0.04,0.032,-0.014,0.03,0.999,VALID,-0.057,0.027,0.998,0,0,0,52.375,VALID,-0.043,0.027,0.999,-0.028,0,0,0.336,2.313,6.887,0.625,VALID,-0.057,0.027,0.998,0.028,0,0,0.325,2.096,6.454,0.938,2,0,2.746751,2746.751,5.014300000000276,-3.268852956299148,1.5471740673445704,false,,true,true,true,false,false,false,false,false,false,false,true,false,false,false
725701,1000003887383523500,63875744678273,-0.017,1.173,0.04,0.032,-0.014,0.03,0.999,VALID,-0.058,0.028,0.998,0,0,0,52.375,VALID,-0.045,0.028,0.999,-0.028,0,0,0.335,2.306,6.887,0.625,VALID,-0.058,0.028,0.998,0.028,0,0,0.324,2.089,6.454,0.938,2,0,2.751778,2751.778,5.026999999999589,-3.326073607492083,1.6044915265155903,false,,true,true,true,false,false,false,false,false,false,false,true,false,false,false
725702,1000003887388537800,63875744678284,-0.017,1.173,0.04,0.032,-0.014,0.03,0.999,VALID,-0.059,0.029,0.998,0,0,0,52.375,VALID,-0.048,0.029,0.998,-0.028,0,0,0.333,2.296,6.887,0.624,VALID,-0.059,0.029,0.998,0.028,0,0,0.323,2.082,6.454,0.938,2,0,2.7567923,2756.7923,5.014300000000276,-3.383287617281726,1.6618105918581296,false,,true,true,true,false,false,false,false,false,false,false,true,false,false,false
725703,1000003887393470200,63875744678284,-0.017,1.173,0.04,0.032,-0.014,0.03,0.999,VALID,-0.06,0.029,0.998,0,0,0,52.375,VALID,-0.05,0.029,0.998,-0.028,0,0,0.332,2.286,6.887,0.623,VALID,-0.06,0.029,0.998,0.028,0,0,0.322,2.075,6.454,0.938,2,0,2.7617247,2761.7247,4.932400000000143,-3.4404948727427276,1.6618105918581296,false,,true,true,true,false,false,false,false,false,false,false,true,false,false,false
725704,1000003887398490500,63875744678295,-0.017,1.173,0.041,0.032,-0.014,0.03,0.999,VALID,-0.061,0.029,0.998,0,0,0,52.375,VALID,-0.053,0.029,0.998,-0.028,0,0,0.331,2.282,6.887,0.622,VALID,-0.061,0.029,0.998,0.028,0,0,0.32,2.068,6.454,0.938,2,0,2.766745,2766.745,5.020299999999679,-3.497695261030265,1.6618105918581296,false,,true,true,true,false,false,false,false,false,false,false,true,false,false,false
725705,1000003887403510800,63875744678295,-0.017,1.173,0.041,0.032,-0.014,0.03,0.999,VALID,-0.062,0.03,0.998,0,0,0,52.375,VALID,-0.055,0.03,0.998,-0.028,0,0,0.33,2.272,6.887,0.621,VALID,-0.062,0.03,0.998,0.028,0,0,0.319,2.06,6.454,0.938,2,0,2.7717653,2771.7653,5.020300000000134,-3.5548886693813615,1.719131320877811,false,,true,true,true,false,false,false,false,false,false,false,true,false,false,false
725706,1000003887408487500,63875744678306,-0.017,1.173,0.041,0.032,-0.014,0.03,0.999,VALID,-0.063,0.03,0.998,0,0,0,52.375,VALID,-0.05,0.03,0.998,-0.028,0,0,0.328,2.262,6.887,0.621,VALID,-0.063,0.03,0.998,0.028,0,0,0.318,2.052,6.454,0.938,2,0,2.776742,2776.742,4.976700000000164,-3.612074985116196,1.719131320877811,false,,true,true,true,false,false,false,false,false,false,false,true,false,false,false
725707,1000003887413511200,63875744678306,-0.017,1.173,0.041,0.032,-0.014,0.03,0.999,VALID,-0.064,0.03,0.998,0,0,0,52.375,VALID,-0.052,0.03,0.998,-0.028,0,0,0.327,2.255,6.887,0.62,VALID,-0.064,0.03,0.998,0.028,0,0,0.316,2.042,6.454,0.938,2,0,2.7817657,2781.7657,5.023699999999735,-3.669254095639421,1.719131320877811,false,,true,true,true,false,false,false,false,false,false,false,true,false,false,false
725708,1000003887418546600,63875744678306,-0.017,1.173,0.041,0.032,-0.014,0.03,0.999,VALID,-0.065,0.03,0.997,0,0,0,52.375,VALID,-0.054,0.03,0.998,-0.028,0,0,0.326,2.245,6.887,0.619,VALID,-0.065,0.03,0.997,0.028,0,0,0.315,2.034,6.454,0.938,2,0,2.7868011,2786.8011,5.035400000000209,-3.7301529802381532,1.719131320877811,false,,true,true,true,false,false,false,false,false,false,false,true,false,false,false
725709,1000003887423575300,63875744678317,-0.016,1.173,0.041,0.032,-0.013,0.03,0.999,VALID,-0.065,0.03,0.997,0,0,0,52.375,VALID,-0.056,0.03,0.998,-0.028,0,0,0.325,2.238,6.887,0.618,VALID,-0.065,0.03,0.997,0.028,0,0,0.314,2.027,6.454,0.938,2,0,2.7918298,2791.8298,5.028699999999844,-3.7301529802381532,1.719131320877811,false,,true,true,true,false,false,false,false,false,false,false,true,false,false,false
725710,1000003887428631800,63875744678317,-0.016,1.173,0.041,0.032,-0.013,0.03,0.999,VALID,-0.066,0.03,0.997,0,0,0,52.375,VALID,-0.058,0.03,0.998,-0.028,0,0,0.324,2.23,6.887,0.616,VALID,-0.066,0.03,0.997,0.028,0,0,0.313,2.019,6.454,0.938,2,0,2.7968863,2796.8863,5.056500000000142,-3.7873741866931114,1.719131320877811,false,,true,true,true,false,false,false,false,false,false,false,true,false,false,false