Frame,CaptureTime,LogTime,HMDPositionX,HMDPositionY,HMDPositionz,HMDRotationX,HMDRotationY,HMDRotationZ,HMDRotationHuh,GazeStatus,CombinedGazeForwardX,CombinedGazeForwardY,CombinedGazeForwardZ,CombinedGazePositionX,CombinedGazePositionY,CombinedGazePositionZ,InterPupillaryDistanceInMM,LeftEyeStatus,LeftEyeForwardX,LeftEyeForwardY,LeftEyeForwardZ,LeftEyePositionX,LeftEyePositionY,LeftEyePositionZ,LeftPupilIrisDiameterRatio,LeftPupilDiameterInMM,LeftIrisDiameterInMM,left Eye Openness,RightEyeStatus,RightEyeForwardX,RightEyeForwardY,RightEyeForwardZ,RightEyePositionX,RightEyePositionY,RightEyePositionZ,RightPupilIrisDiameterRatio,RightPupilDiameterInMM,RightIrisDiameterInMM,Right Eye Openness,FocusDistance,FocusStability
725152,1000003884631745500,63875744676000,(0.000, 0.000, 0.000),(0.000, 0.000, 0.000, 1.000),VALID,(-0.021, -0.034, 0.999),(0.000, 0.000, 0.000),52.375,VALID,(0.033, -0.007, 0.999),(-0.028, 0.000, 0.000),0.419,2.888,6.887,0.877,VALID,(-0.021, -0.034, 0.999),(0.028, 0.000, 0.000),0.426,2.749,6.454,0.818,0.8338683,0
725153,1000003884636765600,63875744676000,(0.000, 0.000, 0.000),(0.000, 0.000, 0.000, 1.000),VALID,(-0.020, -0.034, 0.999),(0.000, 0.000, 0.000),52.375,VALID,(0.033, -0.007, 0.999),(-0.028, 0.000, 0.000),0.419,2.888,6.887,0.879,VALID,(-0.020, -0.034, 0.999),(0.028, 0.000, 0.000),0.426,2.749,6.454,0.824,0.8432757,0
725154,1000003884641758300,63875744676000,(0.000, 0.000, 0.000),(0.000, 0.000, 0.000, 1.000),VALID,(-0.020, -0.034, 0.999),(0.000, 0.000, 0.000),52.375,VALID,(0.033, -0.007, 0.999),(-0.028, 0.000, 0.000),0.419,2.887,6.887,0.882,VALID,(-0.020, -0.034, 0.999),(0.028, 0.000, 0.000),0.426,2.748,6.454,0.828,0.8496581,0
725155,1000003884646778400,63875744676000,(0.000, 0.000, 0.000),(0.000, 0.000, 0.000, 1.000),VALID,(-0.020, -0.033, 0.999),(0.000, 0.000, 0.000),52.375,VALID,(0.033, -0.007, 0.999),(-0.028, 0.000, 0.000),0.419,2.886,6.887,0.885,VALID,(-0.020, -0.033, 0.999),(0.028, 0.000, 0.000),0.426,2.747,6.454,0.832,0.8539737,0
725156,1000003884651797000,63875744676000,(0.000, 0.000, 0.000),(0.000, 0.000, 0.000, 1.000),VALID,(-0.020, -0.033, 0.999),(0.000, 0.000, 0.000),52.375,VALID,(0.032, -0.007, 0.999),(-0.028, 0.000, 0.000),0.419,2.885,6.887,0.886,VALID,(-0.020, -0.033, 0.999),(0.028, 0.000, 0.000),0.425,2.746,6.454,0.835,0.8567936,0
725157,1000003884656817100,63875744676000,(0.000, 0.000, 0.000),(0.000, 0.000, 0.000, 1.000),VALID,(-0.020, -0.032, 0.999),(0.000, 0.000, 0.000),52.375,VALID,(0.032, -0.007, 0.999),(-0.028, 0.000, 0.000),0.419,2.885,6.887,0.888,VALID,(-0.020, -0.032, 0.999),(0.028, 0.000, 0.000),0.425,2.745,6.454,0.838,0.8645837,0
725158,1000003884661835700,63875744676000,(0.000, 0.000, 0.000),(0.000, 0.000, 0.000, 1.000),VALID,(-0.020, -0.032, 0.999),(0.000, 0.000, 0.000),52.375,VALID,(0.032, -0.007, 0.999),(-0.028, 0.000, 0.000),0.419,2.884,6.887,0.890,VALID,(-0.020, -0.032, 0.999),(0.028, 0.000, 0.000),0.425,2.743,6.454,0.839,0.866951,0
725159,1000003884666855800,63875744676001,(0.000, 0.000, 0.000),(0.000, 0.000, 0.000, 1.000),VALID,(-0.020, -0.032, 0.999),(0.000, 0.000, 0.000),52.375,VALID,(0.032, -0.006, 0.999),(-0.028, 0.000, 0.000),0.419,2.883,6.887,0.892,VALID,(-0.020, -0.032, 0.999),(0.028, 0.000, 0.000),0.425,2.742,6.454,0.842,0.8707209,0
725160,1000003884671874400,63875744676001,(0.000, 0.000, 0.000),(0.000, 0.000, 0.000, 1.000),VALID,(-0.020, -0.032, 0.999),(0.000, 0.000, 0.000),52.375,VALID,(0.032, -0.006, 0.999),(-0.028, 0.000, 0.000),0.418,2.882,6.887,0.890,VALID,(-0.020, -0.032, 0.999),(0.028, 0.000, 0.000),0.425,2.741,6.454,0.847,0.8693583,0
725161,1000003884676869300,63875744676001,(0.000, 0.000, 0.000),(0.000, 0.000, 0.000, 1.000),VALID,(-0.020, -0.031, 0.999),(0.000, 0.000, 0.000),52.375,VALID,(0.032, -0.006, 0.999),(-0.028, 0.000, 0.000),0.418,2.881,6.887,0.892,VALID,(-0.020, -0.031, 0.999),(0.028, 0.000, 0.000),0.425,2.740,6.454,0.854,0.8692754,0
725162,1000003884681887900,63875744676001,(0.000, 0.000, 0.000),(0.000, 0.000, 0.000, 1.000),VALID,(-0.020, -0.031, 0.999),(0.000, 0.000, 0.000),52.375,VALID,(0.032, -0.006, 0.999),(-0.028, 0.000, 0.000),0.418,2.880,6.887,0.894,VALID,(-0.020, -0.031, 0.999),(0.028, 0.000, 0.000),0.424,2.739,6.454,0.855,0.8697525,0.3751999
725163,1000003884686906500,63875744676001,(0.000, 0.000, 0.000),(0.000, 0.000, 0.000, 1.000),VALID,(-0.020, -0.031, 0.999),(0.000, 0.000, 0.000),52.375,VALID,(0.032, -0.006, 0.999),(-0.028, 0.000, 0.000),0.418,2.879,6.887,0.893,VALID,(-0.020, -0.031, 0.999),(0.028, 0.000, 0.000),0.424,2.738,6.454,0.859,0.8681142,0.3480136
725164,1000003884691885900,63875744676001,(0.000, 0.000, 0.000),(0.000, 0.000, 0.000, 1.000),VALID,(-0.020, -0.032, 0.999),(0.000, 0.000, 0.000),52.375,VALID,(0.032, -0.006, 0.999),(-0.028, 0.000, 0.000),0.418,2.878,6.887,0.896,VALID,(-0.020, -0.032, 0.999),(0.028, 0.000, 0.000),0.424,2.738,6.454,0.864,0.8639259,0.3286722
725165,1000003884696861800,63875744676001,(0.000, 0.000, 0.000),(0.000, 0.000, 0.000, 1.000),VALID,(-0.020, -0.033, 0.999),(0.000, 0.000, 0.000),52.375,VALID,(0.032, -0.006, 0.999),(-0.028, 0.000, 0.000),0.418,2.877,6.887,0.895,VALID,(-0.020, -0.033, 0.999),(0.028, 0.000, 0.000),0.424,2.736,6.454,0.866,0.8494494,0.3640021
725166,1000003884701902900,63875744676001,(0.000, 0.000, 0.000),(0.000, 0.000, 0.000, 1.000),VALID,(-0.020, -0.034, 0.999),(0.000, 0.000, 0.000),52.375,VALID,(0.032, -0.006, 0.999),(-0.028, 0.000, 0.000),0.418,2.876,6.887,0.895,VALID,(-0.020, -0.034, 0.999),(0.028, 0.000, 0.000),0.424,2.735,6.454,0.867,0.8364815,0.4116057
725167,1000003884706924300,63875744676001,(0.000, 0.000, 0.000),(0.000, 0.000, 0.000, 1.000),VALID,(-0.020, -0.034, 0.999),(0.000, 0.000, 0.000),52.375,VALID,(0.032, -0.006, 0.999),(-0.028, 0.000, 0.000),0.418,2.876,6.887,0.897,VALID,(-0.020, -0.034, 0.999),(0.028, 0.000, 0.000),0.423,2.732,6.454,0.866,0.826709,0.5144989
725168,1000003884711914900,63875744676001,(0.000, 0.000, 0.000),(0.000, 0.000, 0.000, 1.000),VALID,(-0.020, -0.034, 0.999),(0.000, 0.000, 0.000),52.375,VALID,(0.032, -0.006, 0.999),(-0.028, 0.000, 0.000),0.417,2.875,6.887,0.896,VALID,(-0.020, -0.034, 0.999),(0.028, 0.000, 0.000),0.423,2.729,6.454,0.868,0.826238,0.5987425
725169,1000003884716926700,63875744676001,(0.000, 0.000, 0.000),(0.000, 0.000, 0.000, 1.000),VALID,(-0.020, -0.034, 0.999),(0.000, 0.000, 0.000),52.375,VALID,(0.032, -0.005, 0.999),(-0.028, 0.000, 0.000),0.417,2.874,6.887,0.896,VALID,(-0.020, -0.034, 0.999),(0.028, 0.000, 0.000),0.423,2.727,6.454,0.869,0.8258686,0.6014414
725170,1000003884721939800,63875744676001,(0.000, 0.000, 0.000),(0.000, 0.000, 0.000, 1.000),VALID,(-0.020, -0.034, 0.999),(0.000, 0.000, 0.000),52.375,VALID,(0.032, -0.005, 0.999),(-0.028, 0.000, 0.000),0.417,2.873,6.887,0.896,VALID,(-0.020, -0.034, 0.999),(0.028, 0.000, 0.000),0.422,2.724,6.454,0.870,0.8263748,0.7419555
725171,1000003884726968600,63875744676001,(0.000, 0.000, 0.000),(0.000, 0.000, 0.000, 1.000),VALID,(-0.020, -0.035, 0.999),(0.000, 0.000, 0.000),52.375,VALID,(0.032, -0.005, 0.999),(-0.028, 0.000, 0.000),0.417,2.872,6.887,0.896,VALID,(-0.020, -0.035, 0.999),(0.028, 0.000, 0.000),0.422,2.722,6.454,0.870,0.8204506,0.5934829
725172,1000003884731981700,63875744676001,(0.000, 0.000, 0.000),(0.000, 0.000, 0.000, 1.000),VALID,(-0.019, -0.035, 0.999),(0.000, 0.000, 0.000),52.375,VALID,(0.032, -0.005, 0.999),(-0.028, 0.000, 0.000),0.417,2.869,6.887,0.895,VALID,(-0.019, -0.035, 0.999),(0.028, 0.000, 0.000),0.422,2.720,6.454,0.873,0.8161911,0.5977273
725173,1000003884736994800,63875744676001,(0.000, 0.000, 0.000),(0.000, 0.000, 0.000, 1.000),VALID,(-0.019, -0.035, 0.999),(0.000, 0.000, 0.000),52.375,VALID,(0.032, -0.005, 0.999),(-0.028, 0.000, 0.000),0.416,2.868,6.887,0.894,VALID,(-0.019, -0.035, 0.999),(0.028, 0.000, 0.000),0.421,2.719,6.454,0.873,0.8123772,0.5054353
725174,1000003884742006600,63875744676001,(0.000, 0.000, 0.000),(0.000, 0.000, 0.000, 1.000),VALID,(-0.019, -0.036, 0.999),(0.000, 0.000, 0.000),52.375,VALID,(0.032, -0.005, 0.999),(-0.028, 0.000, 0.000),0.416,2.866,6.887,0.893,VALID,(-0.019, -0.036, 0.999),(0.028, 0.000, 0.000),0.421,2.717,6.454,0.873,0.8089929,0.4121578
725175,1000003884747010600,63875744676001,(0.000, 0.000, 0.000),(0.000, 0.000, 0.000, 1.000),VALID,(-0.019, -0.036, 0.999),(0.000, 0.000, 0.000),52.375,VALID,(0.032, -0.005, 0.999),(-0.028, 0.000, 0.000),0.416,2.864,6.887,0.892,VALID,(-0.019, -0.036, 0.999),(0.028, 0.000, 0.000),0.421,2.715,6.454,0.877,0.8065137,0.3992666
725176,1000003884751999800,63875744676001,(0.000, 0.000, 0.000),(0.000, 0.000, 0.000, 1.000),VALID,(-0.019, -0.036, 0.999),(0.000, 0.000, 0.000),52.375,VALID,(0.032, -0.005, 0.999),(-0.028, 0.000, 0.000),0.416,2.863,6.887,0.892,VALID,(-0.019, -0.036, 0.999),(0.028, 0.000, 0.000),0.420,2.713,6.454,0.879,0.8030896,0.4337446
725177,1000003884757017400,63875744676001,(0.000, 0.000, 0.000),(0.000, 0.000, 0.000, 1.000),VALID,(-0.018, -0.036, 0.999),(0.000, 0.000, 0.000),52.375,VALID,(0.032, -0.005, 0.999),(-0.028, 0.000, 0.000),0.415,2.861,6.887,0.893,VALID,(-0.018, -0.036, 0.999),(0.028, 0.000, 0.000),0.420,2.711,6.454,0.878,0.7991894,0.448089
725178,1000003884762084100,63875744676001,(0.000, 0.000, 0.000),(0.000, 0.000, 0.000, 1.000),VALID,(-0.018, -0.037, 0.999),(0.000, 0.000, 0.000),52.375,VALID,(0.032, -0.005, 0.999),(-0.028, 0.000, 0.000),0.415,2.860,6.887,0.889,VALID,(-0.018, -0.037, 0.999),(0.028, 0.000, 0.000),0.420,2.710,6.454,0.881,0.7939894,0.4687098
725179,1000003884767079500,63875744676001,(0.000, 0.000, 0.000),(0.000, 0.000, 0.000, 1.000),VALID,(-0.018, -0.037, 0.999),(0.000, 0.000, 0.000),52.375,VALID,(0.032, -0.005, 0.999),(-0.028, 0.000, 0.000),0.415,2.858,6.887,0.886,VALID,(-0.018, -0.037, 0.999),(0.028, 0.000, 0.000),0.420,2.708,6.454,0.882,0.7891431,0.5012683
725180,1000003884772091900,63875744676001,(0.000, 0.000, 0.000),(0.000, 0.000, 0.000, 1.000),VALID,(-0.018, -0.037, 0.999),(0.000, 0.000, 0.000),52.375,VALID,(0.032, -0.005, 0.999),(-0.028, 0.000, 0.000),0.415,2.857,6.887,0.887,VALID,(-0.018, -0.037, 0.999),(0.028, 0.000, 0.000),0.419,2.707,6.454,0.882,0.7843742,0.5260853
725181,1000003884777117000,63875744676001,(0.000, 0.000, 0.000),(0.000, 0.000, 0.000, 1.000),VALID,(-0.018, -0.038, 0.999),(0.000, 0.000, 0.000),52.375,VALID,(0.032, -0.004, 0.999),(-0.028, 0.000, 0.000),0.414,2.855,6.887,0.887,VALID,(-0.018, -0.038, 0.999),(0.028, 0.000, 0.000),0.419,2.705,6.454,0.883,0.7792032,0.5231228
725182,1000003884782129400,63875744676001,(0.000, 0.000, 0.000),(0.000, 0.000, 0.000, 1.000),VALID,(-0.018, -0.038, 0.999),(0.000, 0.000, 0.000),52.375,VALID,(0.032, -0.004, 0.999),(-0.028, 0.000, 0.000),0.414,2.853,6.887,0.885,VALID,(-0.018, -0.038, 0.999),(0.028, 0.000, 0.000),0.419,2.703,6.454,0.884,0.7743719,0.5467602
725183,1000003884787142500,63875744676001,(0.000, 0.000, 0.000),(0.000, 0.000, 0.000, 1.000),VALID,(-0.018, -0.038, 0.999),(0.000, 0.000, 0.000),52.375,VALID,(0.032, -0.004, 0.999),(-0.028, 0.000, 0.000),0.414,2.852,6.887,0.883,VALID,(-0.018, -0.038, 0.999),(0.028, 0.000, 0.000),0.419,2.701,6.454,0.884,0.7687284,0.5604393
725184,1000003884792154900,63875744676001,(0.000, 0.000, 0.000),(0.000, 0.000, 0.000, 1.000),VALID,(-0.018, -0.039, 0.999),(0.000, 0.000, 0.000),52.375,VALID,(0.032, -0.004, 0.999),(-0.028, 0.000, 0.000),0.414,2.851,6.887,0.882,VALID,(-0.018, -0.039, 0.999),(0.028, 0.000, 0.000),0.418,2.699,6.454,0.884,0.7645019,0.6513069
725185,1000003884797168000,63875744676001,(0.000, 0.000, 0.000),(0.000, 0.000, 0.000, 1.000),VALID,(-0.017, -0.039, 0.999),(0.000, 0.000, 0.000),52.375,VALID,(0.032, -0.004, 0.999),(-0.028, 0.000, 0.000),0.414,2.849,6.887,0.883,VALID,(-0.017, -0.039, 0.999),(0.028, 0.000, 0.000),0.418,2.696,6.454,0.883,0.7606121,0.6582366
725186,1000003884802157500,63875744676001,(0.000, 0.000, 0.000),(0.000, 0.000, 0.000, 1.000),VALID,(-0.017, -0.039, 0.999),(0.000, 0.000, 0.000),52.375,VALID,(0.032, -0.004, 0.999),(-0.028, 0.000, 0.000),0.414,2.848,6.887,0.884,VALID,(-0.017, -0.039, 0.999),(0.028, 0.000, 0.000),0.418,2.695,6.454,0.881,0.7559707,0.6629525
725187,1000003884807134500,63875744676001,(0.000, 0.000, 0.000),(0.000, 0.000, 0.000, 1.000),VALID,(-0.017, -0.039, 0.999),(0.000, 0.000, 0.000),52.375,VALID,(0.032, -0.004, 0.999),(-0.028, 0.000, 0.000),0.413,2.847,6.887,0.882,VALID,(-0.017, -0.039, 0.999),(0.028, 0.000, 0.000),0.417,2.693,6.454,0.882,0.7517361,0.7602662
725188,1000003884812162500,63875744676001,(0.000, 0.000, 0.000),(0.000, 0.000, 0.000, 1.000),VALID,(-0.017, -0.040, 0.999),(0.000, 0.000, 0.000),52.375,VALID,(0.032, -0.004, 0.999),(-0.028, 0.000, 0.000),0.413,2.846,6.887,0.878,VALID,(-0.017, -0.040, 0.999),(0.028, 0.000, 0.000),0.417,2.692,6.454,0.880,0.7454416,0.7374444
725189,1000003884817225800,63875744676001,(0.000, 0.000, 0.000),(0.000, 0.000, 0.000, 1.000),VALID,(-0.017, -0.040, 0.999),(0.000, 0.000, 0.000),52.375,VALID,(0.032, -0.004, 0.999),(-0.028, 0.000, 0.000),0.413,2.842,6.887,0.880,VALID,(-0.017, -0.040, 0.999),(0.028, 0.000, 0.000),0.416,2.688,6.454,0.879,0.7379642,0.7330105
725190,1000003884822243400,63875744676001,(0.000, 0.000, 0.000),(0.000, 0.000, 0.000, 1.000),VALID,(-0.016, -0.039, 0.999),(0.000, 0.000, 0.000),52.375,VALID,(0.032, -0.002, 0.999),(-0.028, 0.000, 0.000),0.411,2.831,6.887,0.877,VALID,(-0.016, -0.039, 0.999),(0.028, 0.000, 0.000),0.416,2.683,6.454,0.880,0.7234049,0.6589322
725191,1000003884827204800,63875744676001,(0.000, 0.000, 0.000),(0.000, 0.000, 0.000, 1.000),VALID,(-0.006, -0.034, 0.999),(0.000, 0.000, 0.000),52.375,VALID,(0.034, 0.005, 0.999),(-0.028, 0.000, 0.000),0.411,2.830,6.887,0.871,VALID,(-0.006, -0.034, 0.999),(0.028, 0.000, 0.000),0.417,2.691,6.454,0.880,0.7143898,0
725192,1000003884832222400,63875744676001,(0.000, 0.000, 0.000),(0.000, 0.000, 0.000, 1.000),VALID,(-0.005, -0.012, 1.000),(0.000, 0.000, 0.000),52.375,VALID,(0.036, 0.020, 0.999),(-0.028, 0.000, 0.000),0.409,2.819,6.887,0.865,VALID,(-0.005, -0.012, 1.000),(0.028, 0.000, 0.000),0.417,2.688,6.454,0.879,2,0
725193,1000003884837240000,63875744676001,(0.000, 0.000, 0.000),(0.000, 0.000, 0.000, 1.000),VALID,(-0.004, 0.011, 1.000),(0.000, 0.000, 0.000),52.375,VALID,(0.040, 0.043, 0.998),(-0.028, 0.000, 0.000),0.408,2.809,6.887,0.851,VALID,(-0.004, 0.011, 1.000),(0.028, 0.000, 0.000),0.415,2.680,6.454,0.878,0.8378082,0
725194,1000003884842263500,63875744676001,(0.000, 0.000, 0.000),(0.000, 0.000, 0.000, 1.000),VALID,(-0.004, 0.035, 0.999),(0.000, 0.000, 0.000),52.375,VALID,(0.044, 0.067, 0.997),(-0.028, 0.000, 0.000),0.406,2.797,6.887,0.837,VALID,(-0.004, 0.035, 0.999),(0.028, 0.000, 0.000),0.415,2.675,6.454,0.876,0.8029097,0
725195,1000003884847281100,63875744676001,(0.000, 0.000, 0.000),(0.000, 0.000, 0.000, 1.000),VALID,(-0.005, 0.057, 0.998),(0.000, 0.000, 0.000),52.375,VALID,(0.049, 0.088, 0.995),(-0.028, 0.000, 0.000),0.404,2.784,6.887,0.826,VALID,(-0.005, 0.057, 0.998),(0.028, 0.000, 0.000),0.414,2.670,6.454,0.878,0.7672537,0
725196,1000003884852298700,63875744676001,(0.000, 0.000, 0.000),(0.000, 0.000, 0.000, 1.000),VALID,(-0.006, 0.074, 0.997),(0.000, 0.000, 0.000),52.375,VALID,(0.053, 0.105, 0.993),(-0.028, 0.000, 0.000),0.403,2.779,6.887,0.812,VALID,(-0.006, 0.074, 0.997),(0.028, 0.000, 0.000),0.412,2.661,6.454,0.881,0.7334318,0
725197,1000003884857316300,63875744676001,(0.000, 0.000, 0.000),(0.000, 0.000, 0.000, 1.000),VALID,(-0.007, 0.087, 0.996),(0.000, 0.000, 0.000),52.375,VALID,(0.057, 0.117, 0.992),(-0.028, 0.000, 0.000),0.403,2.774,6.887,0.803,VALID,(-0.007, 0.087, 0.996),(0.028, 0.000, 0.000),0.411,2.656,6.454,0.887,0.7113953,0
725198,1000003884862284700,63875744676001,(0.000, 0.000, 0.000),(0.000, 0.000, 0.000, 1.000),VALID,(-0.008, 0.097, 0.995),(0.000, 0.000, 0.000),52.375,VALID,(0.060, 0.125, 0.990),(-0.028, 0.000, 0.000),0.402,2.772,6.887,0.798,VALID,(-0.008, 0.097, 0.995),(0.028, 0.000, 0.000),0.411,2.653,6.454,0.894,0.6967396,0
725199,1000003884867302300,63875744676001,(0.000, 0.000, 0.000),(0.000, 0.000, 0.000, 1.000),VALID,(-0.009, 0.104, 0.995),(0.000, 0.000, 0.000),52.375,VALID,(0.063, 0.130, 0.989),(-0.028, 0.000, 0.000),0.402,2.770,6.887,0.792,VALID,(-0.009, 0.104, 0.995),(0.028, 0.000, 0.000),0.411,2.651,6.454,0.901,0.684825,0
725200,1000003884872325800,63875744676001,(0.000, 0.000, 0.000),(0.000, 0.000, 0.000, 1.000),VALID,(-0.008, 0.101, 0.995),(0.000, 0.000, 0.000),52.375,VALID,(0.065, 0.134, 0.989),(-0.028, 0.000, 0.000),0.402,2.770,6.887,0.789,VALID,(-0.008, 0.101, 0.995),(0.028, 0.000, 0.000),0.411,2.651,6.454,0.909,0.6350995,0
725201,1000003884877367000,63875744676001,(0.000, 0.000, 0.000),(0.000, 0.000, 0.000, 1.000),VALID,(-0.006, 0.099, 0.995),(0.000, 0.000, 0.000),52.375,VALID,(0.067, 0.136, 0.988),(-0.028, 0.000, 0.000),0.402,2.769,6.887,0.786,VALID,(-0.006, 0.099, 0.995),(0.028, 0.000, 0.000),0.411,2.651,6.454,0.915,0.6048359,0
725202,1000003884882390500,63875744676001,(0.000, 0.000, 0.000),(0.000, 0.000, 0.000, 1.000),VALID,(-0.005, 0.098, 0.995),(0.000, 0.000, 0.000),52.375,VALID,(0.068, 0.138, 0.988),(-0.028, 0.000, 0.000),0.402,2.768,6.887,0.784,VALID,(-0.005, 0.098, 0.995),(0.028, 0.000, 0.000),0.411,2.651,6.454,0.922,0.5853839,0
725203,1000003884887414900,63875744676002,(0.000, 0.000, 0.000),(0.000, 0.000, 0.000, 1.000),VALID,(-0.004, 0.098, 0.995),(0.000, 0.000, 0.000),52.375,VALID,(0.069, 0.139, 0.988),(-0.028, 0.000, 0.000),0.402,2.767,6.887,0.784,VALID,(-0.004, 0.098, 0.995),(0.028, 0.000, 0.000),0.411,2.651,6.454,0.927,0.5715324,0
725204,1000003884892439300,63875744676002,(0.000, 0.000, 0.000),(0.000, 0.000, 0.000, 1.000),VALID,(-0.003, 0.097, 0.995),(0.000, 0.000, 0.000),52.375,VALID,(0.070, 0.141, 0.988),(-0.028, 0.000, 0.000),0.402,2.766,6.887,0.783,VALID,(-0.003, 0.097, 0.995),(0.028, 0.000, 0.000),0.411,2.652,6.454,0.932,0.5618939,0
725205,1000003884897465600,63875744676002,(0.000, 0.000, 0.000),(0.000, 0.000, 0.000, 1.000),VALID,(-0.001, 0.097, 0.995),(0.000, 0.000, 0.000),52.375,VALID,(0.071, 0.142, 0.987),(-0.028, 0.000, 0.000),0.401,2.765,6.887,0.780,VALID,(-0.001, 0.097, 0.995),(0.028, 0.000, 0.000),0.411,2.652,6.454,0.936,0.5570679,0
725206,1000003884902489100,63875744676002,(0.000, 0.000, 0.000),(0.000, 0.000, 0.000, 1.000),VALID,(0.000, 0.098, 0.995),(0.000, 0.000, 0.000),52.375,VALID,(0.072, 0.142, 0.987),(-0.028, 0.000, 0.000),0.401,2.764,6.887,0.780,VALID,(0.000, 0.098, 0.995),(0.028, 0.000, 0.000),0.411,2.652,6.454,0.940,0.5585487,0
725207,1000003884907384600,63875744676002,(0.000, 0.000, 0.000),(0.000, 0.000, 0.000, 1.000),VALID,(0.001, 0.098, 0.995),(0.000, 0.000, 0.000),52.375,VALID,(0.072, 0.143, 0.987),(-0.028, 0.000, 0.000),0.401,2.763,6.887,0.781,VALID,(0.001, 0.098, 0.995),(0.028, 0.000, 0.000),0.411,2.652,6.454,0.943,0.558642,0
725208,1000003884912408100,63875744676002,(0.000, 0.000, 0.000),(0.000, 0.000, 0.000, 1.000),VALID,(-0.001, 0.104, 0.995),(0.000, 0.000, 0.000),52.375,VALID,(0.072, 0.143, 0.987),(-0.028, 0.000, 0.000),0.401,2.762,6.887,0.780,VALID,(-0.001, 0.104, 0.995),(0.028, 0.000, 0.000),0.411,2.652,6.454,0.946,0.5838962,0
725209,1000003884917434400,63875744676002,(0.000, 0.000, 0.000),(0.000, 0.000, 0.000, 1.000),VALID,(-0.002, 0.108, 0.994),(0.000, 0.000, 0.000),52.375,VALID,(0.073, 0.144, 0.987),(-0.028, 0.000, 0.000),0.401,2.760,6.887,0.778,VALID,(-0.002, 0.108, 0.994),(0.028, 0.000, 0.000),0.411,2.652,6.454,0.948,0.6009879,0
725210,1000003884922457900,63875744676002,(0.000, 0.000, 0.000),(0.000, 0.000, 0.000, 1.000),VALID,(-0.002, 0.106, 0.994),(0.000, 0.000, 0.000),52.375,VALID,(0.073, 0.144, 0.987),(-0.028, 0.000, 0.000),0.401,2.759,6.887,0.778,VALID,(-0.002, 0.106, 0.994),(0.028, 0.000, 0.000),0.411,2.652,6.454,0.950,0.5892494,0
725211,1000003884927484200,63875744676002,(0.000, 0.000, 0.000),(0.000, 0.000, 0.000, 1.000),VALID,(-0.003, 0.109, 0.994),(0.000, 0.000, 0.000),52.375,VALID,(0.073, 0.144, 0.987),(-0.028, 0.000, 0.000),0.400,2.758,6.887,0.778,VALID,(-0.003, 0.109, 0.994),(0.028, 0.000, 0.000),0.411,2.651,6.454,0.952,0.6031176,0
725212,1000003884932518800,63875744676002,(0.000, 0.000, 0.000),(0.000, 0.000, 0.000, 1.000),VALID,(-0.003, 0.112, 0.994),(0.000, 0.000, 0.000),52.375,VALID,(0.073, 0.145, 0.987),(-0.028, 0.000, 0.000),0.400,2.757,6.887,0.777,VALID,(-0.003, 0.112, 0.994),(0.028, 0.000, 0.000),0.411,2.650,6.454,0.954,0.6139561,0
725213,1000003884937545100,63875744676002,(0.000, 0.000, 0.000),(0.000, 0.000, 0.000, 1.000),VALID,(-0.004, 0.114, 0.993),(0.000, 0.000, 0.000),52.375,VALID,(0.073, 0.145, 0.987),(-0.028, 0.000, 0.000),0.400,2.757,6.887,0.776,VALID,(-0.004, 0.114, 0.993),(0.028, 0.000, 0.000),0.411,2.649,6.454,0.955,0.6200414,0
725214,1000003884942571400,63875744676002,(0.000, 0.000, 0.000),(0.000, 0.000, 0.000, 1.000),VALID,(-0.005, 0.116, 0.993),(0.000, 0.000, 0.000),52.375,VALID,(0.073, 0.145, 0.987),(-0.028, 0.000, 0.000),0.400,2.755,6.887,0.775,VALID,(-0.005, 0.116, 0.993),(0.028, 0.000, 0.000),0.410,2.649,6.454,0.957,0.6220773,0
725215,1000003884947597700,63875744676002,(0.000, 0.000, 0.000),(0.000, 0.000, 0.000, 1.000),VALID,(-0.006, 0.117, 0.993),(0.000, 0.000, 0.000),52.375,VALID,(0.074, 0.145, 0.987),(-0.028, 0.000, 0.000),0.400,2.754,6.887,0.775,VALID,(-0.006, 0.117, 0.993),(0.028, 0.000, 0.000),0.410,2.647,6.454,0.958,0.621509,0
725216,1000003884952632300,63875744676002,(0.000, 0.000, 0.000),(0.000, 0.000, 0.000, 1.000),VALID,(-0.007, 0.118, 0.993),(0.000, 0.000, 0.000),52.375,VALID,(0.074, 0.145, 0.987),(-0.028, 0.000, 0.000),0.400,2.754,6.887,0.776,VALID,(-0.007, 0.118, 0.993),(0.028, 0.000, 0.000),0.410,2.646,6.454,0.959,0.6193966,0
725217,1000003884957614700,63875744676002,(0.000, 0.000, 0.000),(0.000, 0.000, 0.000, 1.000),VALID,(-0.008, 0.119, 0.993),(0.000, 0.000, 0.000),52.375,VALID,(0.074, 0.146, 0.987),(-0.028, 0.000, 0.000),0.400,2.753,6.887,0.776,VALID,(-0.008, 0.119, 0.993),(0.028, 0.000, 0.000),0.410,2.645,6.454,0.960,0.6157492,0
725218,1000003884962530000,63875744676002,(0.000, 0.000, 0.000),(0.000, 0.000, 0.000, 1.000),VALID,(-0.009, 0.120, 0.993),(0.000, 0.000, 0.000),52.375,VALID,(0.074, 0.146, 0.987),(-0.028, 0.000, 0.000),0.400,2.752,6.887,0.775,VALID,(-0.009, 0.120, 0.993),(0.028, 0.000, 0.000),0.410,2.644,6.454,0.961,0.6114174,0
725219,1000003884967556300,63875744676002,(0.000, 0.000, 0.000),(0.000, 0.000, 0.000, 1.000),VALID,(-0.010, 0.120, 0.993),(0.000, 0.000, 0.000),52.375,VALID,(0.074, 0.146, 0.987),(-0.028, 0.000, 0.000),0.399,2.751,6.887,0.775,VALID,(-0.010, 0.120, 0.993),(0.028, 0.000, 0.000),0.409,2.643,6.454,0.962,0.6068625,0
725220,1000003884972589900,63875744676002,(0.000, 0.000, 0.000),(0.000, 0.000, 0.000, 1.000),VALID,(-0.011, 0.121, 0.993),(0.000, 0.000, 0.000),52.375,VALID,(0.074, 0.146, 0.987),(-0.028, 0.000, 0.000),0.399,2.750,6.887,0.774,VALID,(-0.011, 0.121, 0.993),(0.028, 0.000, 0.000),0.409,2.642,6.454,0.963,0.6024135,0
725221,1000003884977747900,63875744676002,(0.000, 0.000, 0.000),(0.000, 0.000, 0.000, 1.000),VALID,(-0.012, 0.121, 0.993),(0.000, 0.000, 0.000),52.375,VALID,(0.074, 0.146, 0.987),(-0.028, 0.000, 0.000),0.399,2.750,6.887,0.775,VALID,(-0.012, 0.121, 0.993),(0.028, 0.000, 0.000),0.409,2.641,6.454,0.963,0.5981432,0
725222,1000003884982730300,63875744676002,(0.000, 0.000, 0.000),(0.000, 0.000, 0.000, 1.000),VALID,(-0.013, 0.122, 0.992),(0.000, 0.000, 0.000),52.375,VALID,(0.074, 0.146, 0.986),(-0.028, 0.000, 0.000),0.399,2.749,6.887,0.774,VALID,(-0.013, 0.122, 0.992),(0.028, 0.000, 0.000),0.409,2.640,6.454,0.964,0.5942256,0
725223,1000003884987589900,63875744676002,(0.000, 0.000, 0.000),(0.000, 0.000, 0.000, 1.000),VALID,(-0.014, 0.122, 0.992),(0.000, 0.000, 0.000),52.375,VALID,(0.074, 0.147, 0.986),(-0.028, 0.000, 0.000),0.399,2.749,6.887,0.774,VALID,(-0.014, 0.122, 0.992),(0.028, 0.000, 0.000),0.409,2.640,6.454,0.965,0.5904288,0
725224,1000003884992623500,63875744676002,(0.000, 0.000, 0.000),(0.000, 0.000, 0.000, 1.000),VALID,(-0.014, 0.122, 0.992),(0.000, 0.000, 0.000),52.375,VALID,(0.074, 0.147, 0.986),(-0.028, 0.000, 0.000),0.399,2.749,6.887,0.774,VALID,(-0.014, 0.122, 0.992),(0.028, 0.000, 0.000),0.409,2.640,6.454,0.965,0.5871825,0
725225,1000003884997657100,63875744676002,(0.000, 0.000, 0.000),(0.000, 0.000, 0.000, 1.000),VALID,(-0.015, 0.122, 0.992),(0.000, 0.000, 0.000),52.375,VALID,(0.074, 0.147, 0.986),(-0.028, 0.000, 0.000),0.399,2.748,6.887,0.774,VALID,(-0.015, 0.122, 0.992),(0.028, 0.000, 0.000),0.409,2.640,6.454,0.966,0.5842775,0
725226,1000003885002674200,63875744676002,(0.000, 0.000, 0.000),(0.000, 0.000, 0.000, 1.000),VALID,(-0.015, 0.123, 0.992),(0.000, 0.000, 0.000),52.375,VALID,(0.074, 0.147, 0.986),(-0.028, 0.000, 0.000),0.399,2.748,6.887,0.774,VALID,(-0.015, 0.123, 0.992),(0.028, 0.000, 0.000),0.409,2.639,6.454,0.966,0.5816353,0
725227,1000003885007647400,63875744676002,(0.000, 0.000, 0.000),(0.000, 0.000, 0.000, 1.000),VALID,(-0.014, 0.120, 0.993),(0.000, 0.000, 0.000),52.375,VALID,(0.074, 0.147, 0.986),(-0.028, 0.000, 0.000),0.399,2.747,6.887,0.773,VALID,(-0.014, 0.120, 0.993),(0.028, 0.000, 0.000),0.409,2.639,6.454,0.967,0.5835257,0
725228,1000003885012664500,63875744676002,(0.000, 0.000, 0.000),(0.000, 0.000, 0.000, 1.000),VALID,(-0.014, 0.121, 0.993),(0.000, 0.000, 0.000),52.375,VALID,(0.074, 0.147, 0.986),(-0.028, 0.000, 0.000),0.399,2.747,6.887,0.772,VALID,(-0.014, 0.121, 0.993),(0.028, 0.000, 0.000),0.409,2.639,6.454,0.967,0.5820304,0
725229,1000003885017689300,63875744676002,(0.000, 0.000, 0.000),(0.000, 0.000, 0.000, 1.000),VALID,(-0.014, 0.121, 0.993),(0.000, 0.000, 0.000),52.375,VALID,(0.074, 0.147, 0.986),(-0.028, 0.000, 0.000),0.399,2.746,6.887,0.772,VALID,(-0.014, 0.121, 0.993),(0.028, 0.000, 0.000),0.409,2.639,6.454,0.968,0.5810243,0
725230,1000003885022706400,63875744676002,(0.000, 0.000, 0.000),(0.000, 0.000, 0.000, 1.000),VALID,(-0.015, 0.121, 0.993),(0.000, 0.000, 0.000),52.375,VALID,(0.074, 0.147, 0.986),(-0.028, 0.000, 0.000),0.399,2.746,6.887,0.772,VALID,(-0.015, 0.121, 0.993),(0.028, 0.000, 0.000),0.409,2.640,6.454,0.968,0.5798037,0.0978217
725231,1000003885027686500,63875744676002,(0.000, 0.000, 0.000),(0.000, 0.000, 0.000, 1.000),VALID,(-0.015, 0.122, 0.992),(0.000, 0.000, 0.000),52.375,VALID,(0.074, 0.147, 0.986),(-0.028, 0.000, 0.000),0.399,2.745,6.887,0.771,VALID,(-0.015, 0.122, 0.992),(0.028, 0.000, 0.000),0.409,2.640,6.454,0.969,0.5789346,0.09597003
725232,1000003885032703600,63875744676002,(0.000, 0.000, 0.000),(0.000, 0.000, 0.000, 1.000),VALID,(-0.014, 0.120, 0.993),(0.000, 0.000, 0.000),52.375,VALID,(0.074, 0.147, 0.986),(-0.028, 0.000, 0.000),0.399,2.745,6.887,0.771,VALID,(-0.014, 0.120, 0.993),(0.028, 0.000, 0.000),0.409,2.640,6.454,0.969,0.5813488,0
725233,1000003885037725000,63875744676002,(0.000, 0.000, 0.000),(0.000, 0.000, 0.000, 1.000),VALID,(-0.014, 0.121, 0.993),(0.000, 0.000, 0.000),52.375,VALID,(0.074, 0.147, 0.986),(-0.028, 0.000, 0.000),0.399,2.745,6.887,0.771,VALID,(-0.014, 0.121, 0.993),(0.028, 0.000, 0.000),0.409,2.640,6.454,0.970,0.5807776,0
725234,1000003885042771100,63875744676002,(0.000, 0.000, 0.000),(0.000, 0.000, 0.000, 1.000),VALID,(-0.015, 0.121, 0.993),(0.000, 0.000, 0.000),52.375,VALID,(0.074, 0.147, 0.986),(-0.028, 0.000, 0.000),0.399,2.745,6.887,0.771,VALID,(-0.015, 0.121, 0.993),(0.028, 0.000, 0.000),0.409,2.640,6.454,0.970,0.5802897,0
725235,1000003885047792500,63875744676002,(0.000, 0.000, 0.000),(0.000, 0.000, 0.000, 1.000),VALID,(-0.015, 0.121, 0.992),(0.000, 0.000, 0.000),52.375,VALID,(0.074, 0.147, 0.986),(-0.028, 0.000, 0.000),0.399,2.745,6.887,0.772,VALID,(-0.015, 0.121, 0.992),(0.028, 0.000, 0.000),0.409,2.640,6.454,0.971,0.5798579,0
725236,1000003885052813900,63875744676002,(0.000, 0.000, 0.000),(0.000, 0.000, 0.000, 1.000),VALID,(-0.015, 0.122, 0.992),(0.000, 0.000, 0.000),52.375,VALID,(0.074, 0.147, 0.986),(-0.028, 0.000, 0.000),0.399,2.745,6.887,0.772,VALID,(-0.015, 0.122, 0.992),(0.028, 0.000, 0.000),0.409,2.641,6.454,0.971,0.5794402,0
725237,1000003885057831000,63875744676002,(0.000, 0.000, 0.000),(0.000, 0.000, 0.000, 1.000),VALID,(-0.014, 0.121, 0.993),(0.000, 0.000, 0.000),52.375,VALID,(0.074, 0.147, 0.986),(-0.028, 0.000, 0.000),0.399,2.745,6.887,0.772,VALID,(-0.014, 0.121, 0.993),(0.028, 0.000, 0.000),0.409,2.641,6.454,0.972,0.5808669,0
725238,1000003885062780200,63875744676002,(0.000, 0.000, 0.000),(0.000, 0.000, 0.000, 1.000),VALID,(-0.013, 0.120, 0.993),(0.000, 0.000, 0.000),52.375,VALID,(0.073, 0.148, 0.986),(-0.028, 0.000, 0.000),0.399,2.745,6.887,0.772,VALID,(-0.013, 0.120, 0.993),(0.028, 0.000, 0.000),0.409,2.642,6.454,0.972,0.5832917,0
725239,1000003885067773100,63875744676002,(0.000, 0.000, 0.000),(0.000, 0.000, 0.000, 1.000),VALID,(-0.013, 0.120, 0.993),(0.000, 0.000, 0.000),52.375,VALID,(0.073, 0.148, 0.986),(-0.028, 0.000, 0.000),0.399,2.746,6.887,0.772,VALID,(-0.013, 0.120, 0.993),(0.028, 0.000, 0.000),0.409,2.643,6.454,0.972,0.5833713,0
725240,1000003885072781900,63875744676002,(0.000, 0.000, 0.000),(0.000, 0.000, 0.000, 1.000),VALID,(-0.012, 0.120, 0.993),(0.000, 0.000, 0.000),52.375,VALID,(0.073, 0.148, 0.986),(-0.028, 0.000, 0.000),0.399,2.746,6.887,0.772,VALID,(-0.012, 0.120, 0.993),(0.028, 0.000, 0.000),0.410,2.644,6.454,0.973,0.5878034,0
725400,1000003885874781700,63875744677244,(-0.017, 1.173, 0.042),(0.026, -0.013, 0.029, 0.999),VALID,(0.073, 0.001, 0.997),(0.000, 0.000, 0.000),52.375,VALID,(0.121, 0.056, 0.991),(-0.028, 0.000, 0.000),0.431,2.967,6.887,0.804,VALID,(0.073, 0.001, 0.997),(0.028, 0.000, 0.000),0.447,2.886,6.454,0.655,0.4991519,0
725401,1000003885879797500,63875744677244,(-0.017, 1.173, 0.042),(0.026, -0.013, 0.029, 0.999),VALID,(0.071, 0.004, 0.997),(0.000, 0.000, 0.000),52.375,VALID,(0.121, 0.058, 0.991),(-0.028, 0.000, 0.000),0.424,2.918,6.887,0.777,VALID,(0.071, 0.004, 0.997),(0.028, 0.000, 0.000),0.446,2.878,6.454,0.611,0.5159424,0
725402,1000003885884775400,63875744677244,(-0.017, 1.173, 0.042),(0.026, -0.013, 0.029, 0.999),VALID,(0.073, -0.008, 0.997),(0.000, 0.000, 0.000),52.375,VALID,(0.121, 0.060, 0.991),(-0.028, 0.000, 0.000),0.415,2.858,6.887,0.755,VALID,(0.073, -0.008, 0.997),(0.028, 0.000, 0.000),0.443,2.861,6.454,0.583,0.3886702,0
725403,1000003885889800900,63875744677244,(-0.017, 1.173, 0.042),(0.026, -0.013, 0.029, 0.999),INVALID,,,,INVALID,,,,,,,INVALID,,,,,,,,
725404,1000003885894816700,63875744677244,(-0.017, 1.173, 0.042),(0.026, -0.013, 0.029, 0.999),VALID,(0.079, 0.011, 0.997),(0.000, 0.000, 0.000),52.375,VALID,(0.119, 0.064, 0.991),(-0.028, 0.000, 0.000),0.412,2.840,6.887,0.693,INVALID,,,,,,0.548,2,0
725405,1000003885899895000,63875744677244,(-0.017, 1.173, 0.042),(0.026, -0.013, 0.029, 0.999),INVALID,,,,INVALID,,,,,,,INVALID,,,,,,,,
725406,1000003885904910800,63875744677244,(-0.017, 1.173, 0.042),(0.026, -0.013, 0.029, 0.999),INVALID,,,,INVALID,,,,,,,INVALID,,,,,,,,
725407,1000003885909899800,63875744677244,(-0.017, 1.173, 0.042),(0.026, -0.013, 0.029, 0.999),INVALID,,,,INVALID,,,,,,,INVALID,,,,,,,,
725408,1000003885914890900,63875744677244,(-0.017, 1.173, 0.042),(0.026, -0.013, 0.029, 0.999),INVALID,,,,INVALID,,,,,,,INVALID,,,,,,,,
725409,1000003885919903400,63875744677244,(-0.017, 1.173, 0.042),(0.026, -0.013, 0.029, 0.999),INVALID,,,,INVALID,,,,,,,INVALID,,,,,,,,
725410,1000003885924882700,63875744677244,(-0.017, 1.173, 0.042),(0.026, -0.013, 0.029, 0.999),INVALID,,,,INVALID,,,,,,,INVALID,,,,,,,,
725411,1000003885929891700,63875744677244,(-0.017, 1.173, 0.042),(0.026, -0.013, 0.029, 0.999),INVALID,,,,INVALID,,,,,,,INVALID,,,,,,,,
725412,1000003885934902200,63875744677244,(-0.017, 1.173, 0.042),(0.026, -0.013, 0.029, 0.999),INVALID,,,,INVALID,,,,,,,INVALID,,,,,,,,
725413,1000003885939907500,63875744677244,(-0.017, 1.173, 0.042),(0.026, -0.013, 0.029, 0.999),INVALID,,,,INVALID,,,,,,,INVALID,,,,,,,,
725414,1000003885944919000,63875744677244,(-0.017, 1.173, 0.042),(0.026, -0.013, 0.029, 0.999),INVALID,,,,INVALID,,,,,,,INVALID,,,,,,,,
725415,1000003885949928600,63875744677244,(-0.017, 1.173, 0.042),(0.026, -0.013, 0.029, 0.999),INVALID,,,,INVALID,,,,,,,INVALID,,,,,,,,
725416,1000003885954982300,63875744677244,(-0.017, 1.173, 0.042),(0.026, -0.013, 0.029, 0.999),INVALID,,,,INVALID,,,,,,,INVALID,,,,,,,,
725417,1000003885959987600,63875744677244,(-0.017, 1.173, 0.042),(0.026, -0.013, 0.029, 0.999),INVALID,,,,INVALID,,,,,,,INVALID,,,,,,,,
725418,1000003885964997200,63875744677244,(-0.017, 1.173, 0.042),(0.026, -0.013, 0.029, 0.999),INVALID,,,,INVALID,,,,,,,INVALID,,,,,,,,
725419,1000003885970002500,63875744677244,(-0.017, 1.173, 0.042),(0.026, -0.013, 0.029, 0.999),INVALID,,,,INVALID,,,,,,,INVALID,,,,,,,,
725420,1000003885975019900,63875744677244,(-0.017, 1.173, 0.042),(0.026, -0.013, 0.029, 0.999),INVALID,,,,INVALID,,,,,,,INVALID,,,,,,,,
725421,1000003885980025200,63875744677244,(-0.017, 1.173, 0.042),(0.026, -0.013, 0.029, 0.999),INVALID,,,,INVALID,,,,,,,INVALID,,,,,,,,
725422,1000003885985034800,63875744677244,(-0.017, 1.173, 0.042),(0.026, -0.013, 0.029, 0.999),INVALID,,,,INVALID,,,,,,,INVALID,,,,,,,,
725423,1000003885990155700,63875744677244,(-0.017, 1.173, 0.042),(0.026, -0.013, 0.029, 0.999),INVALID,,,,INVALID,,,,,,,INVALID,,,,,,,,
725424,1000003885995129400,63875744677244,(-0.017, 1.173, 0.042),(0.026, -0.013, 0.029, 0.999),INVALID,,,,INVALID,,,,,,,INVALID,,,,,,,,
725425,1000003886000134700,63875744677244,(-0.017, 1.173, 0.042),(0.026, -0.013, 0.029, 0.999),VALID,(0.099, -0.052, 0.994),(0.000, 0.000, 0.000),52.375,VALID,(0.126, -0.014, 0.992),(-0.028, 0.000, 0.000),0.352,2.422,6.887,0.407,INVALID,,,,,,0.261,2,0
725426,1000003886005123700,63875744677244,(-0.017, 1.173, 0.042),(0.026, -0.013, 0.029, 0.999),INVALID,,,,INVALID,,,,,,,INVALID,,,,,,,,
725427,1000003886010078300,63875744677244,(-0.017, 1.173, 0.042),(0.026, -0.013, 0.029, 0.999),VALID,(0.084, -0.044, 0.996),(0.000, 0.000, 0.000),52.375,INVALID,,,,,,,VALID,(0.002, -0.023, 1.000),(0.028, 0.000, 0.000),0.461,2.977,6.454,,2,0
725428,1000003886015083300,63875744677244,(-0.017, 1.173, 0.042),(0.026, -0.013, 0.029, 0.999),VALID,(0.081, -0.037, 0.996),(0.000, 0.000, 0.000),52.375,VALID,(0.116, -0.012, 0.993),(-0.028, 0.000, 0.000),0.390,2.686,6.887,0.414,VALID,(0.001, -0.025, 1.000),(0.028, 0.000, 0.000),0.461,2.976,6.454,0.264,0.4793148,0
725429,1000003886020088900,63875744677244,(-0.017, 1.173, 0.042),(0.026, -0.013, 0.029, 0.999),VALID,(0.075, -0.055, 0.996),(0.000, 0.000, 0.000),52.375,VALID,(0.116, -0.015, 0.993),(-0.028, 0.000, 0.000),0.390,2.687,6.887,0.418,VALID,(0.066, -0.037, 0.997),(0.028, 0.000, 0.000),0.461,2.975,6.454,0.274,0.9210226,0
725430,1000003886025093900,63875744677244,(-0.017, 1.173, 0.042),(0.026, -0.013, 0.029, 0.999),VALID,(0.056, -0.086, 0.995),(0.000, 0.000, 0.000),52.375,VALID,(0.123, -0.013, 0.992),(-0.028, 0.000, 0.000),0.403,2.774,6.887,0.425,VALID,(0.055, -0.078, 0.995),(0.028, 0.000, 0.000),0.461,2.974,6.454,0.290,0.4261022,0
725431,1000003886030125100,63875744677244,(-0.017, 1.173, 0.042),(0.026, -0.013, 0.029, 0.999),VALID,(-0.366, 0.436, 0.822),(0.000, 0.000, 0.000),52.375,VALID,(0.120, -0.014, 0.993),(-0.028, 0.000, 0.000),0.407,2.802,6.887,0.433,VALID,(-0.359, 0.422, 0.832),(0.028, 0.000, 0.000),0.460,2.969,6.454,0.314,0.05684802,0
725432,1000003886035130400,63875744677244,(-0.017, 1.173, 0.042),(0.026, -0.013, 0.029, 0.999),VALID,(-0.241, 0.367, 0.898),(0.000, 0.000, 0.000),52.375,VALID,(0.117, -0.014, 0.993),(-0.028, 0.000, 0.000),0.409,2.814,6.887,0.441,VALID,(-0.242, 0.369, 0.897),(0.028, 0.000, 0.000),0.457,2.948,6.454,0.347,0.06791017,0
725433,1000003886040135700,63875744677244,(-0.017, 1.173, 0.042),(0.026, -0.013, 0.029, 0.999),VALID,(-0.202, 0.250, 0.947),(0.000, 0.000, 0.000),52.375,VALID,(0.116, -0.012, 0.993),(-0.028, 0.000, 0.000),0.412,2.838,6.887,0.451,VALID,(-0.214, 0.240, 0.947),(0.028, 0.000, 0.000),0.455,2.938,6.454,0.385,0.1038095,0
725434,1000003886045141000,63875744677244,(-0.017, 1.173, 0.042),(0.026, -0.013, 0.029, 0.999),VALID,(-0.187, 0.107, 0.976),(0.000, 0.000, 0.000),52.375,VALID,(0.112, -0.005, 0.994),(-0.028, 0.000, 0.000),0.416,2.862,6.887,0.472,VALID,(-0.186, 0.097, 0.978),(0.028, 0.000, 0.000),0.454,2.928,6.454,0.422,0.165456,0
725435,1000003886050171800,63875744677244,(-0.017, 1.173, 0.042),(0.026, -0.013, 0.029, 0.999),VALID,(-0.130, 0.015, 0.991),(0.000, 0.000, 0.000),52.375,VALID,(0.107, -0.001, 0.994),(-0.028, 0.000, 0.000),0.417,2.875,6.887,0.488,VALID,(-0.122, 0.009, 0.992),(0.028, 0.000, 0.000),0.452,2.920,6.454,0.449,0.2417095,0
725436,1000003886055189200,63875744677244,(-0.017, 1.173, 0.042),(0.026, -0.013, 0.029, 0.999),VALID,(-0.071, -0.036, 0.997),(0.000, 0.000, 0.000),52.375,VALID,(0.102, 0.003, 0.995),(-0.028, 0.000, 0.000),0.423,2.911,6.887,0.496,VALID,(-0.064, -0.039, 0.997),(0.028, 0.000, 0.000),0.452,2.915,6.454,0.474,0.3152927,0
725437,1000003886060194200,63875744677244,(-0.017, 1.173, 0.042),(0.026, -0.013, 0.029, 0.999),VALID,(-0.059, 0.003, 0.998),(0.000, 0.000, 0.000),52.375,VALID,(0.098, 0.006, 0.995),(-0.028, 0.000, 0.000),0.424,2.917,6.887,0.510,VALID,(-0.054, 0.001, 0.999),(0.028, 0.000, 0.000),0.513,3.313,6.454,0.492,0.3684333,0
725438,1000003886065246500,63875744677244,(-0.017, 1.173, 0.042),(0.026, -0.013, 0.029, 0.999),VALID,(-0.050, 0.026, 0.998),(0.000, 0.000, 0.000),52.375,VALID,(0.094, 0.008, 0.996),(-0.028, 0.000, 0.000),0.423,2.917,6.887,0.524,VALID,(-0.046, 0.025, 0.999),(0.028, 0.000, 0.000),0.520,3.356,6.454,0.506,0.3928575,0
725439,1000003886070226500,63875744677245,(-0.017, 1.173, 0.042),(0.026, -0.013, 0.029, 0.999),VALID,(-0.045, 0.042, 0.998),(0.000, 0.000, 0.000),52.375,VALID,(0.090, 0.009, 0.996),(-0.028, 0.000, 0.000),0.424,2.917,6.887,0.540,VALID,(-0.042, 0.042, 0.998),(0.028, 0.000, 0.000),0.524,3.380,6.454,0.523,0.3966217,0
725440,1000003886075238900,63875744677245,(-0.017, 1.173, 0.042),(0.026, -0.013, 0.029, 0.999),VALID,(-0.041, 0.053, 0.998),(0.000, 0.000, 0.000),52.375,VALID,(0.088, 0.010, 0.996),(-0.028, 0.000, 0.000),0.424,2.918,6.887,0.549,VALID,(-0.039, 0.053, 0.998),(0.028, 0.000, 0.000),0.525,3.389,6.454,0.531,0.3958558,0
725441,1000003886080242300,63875744677245,(-0.017, 1.173, 0.042),(0.026, -0.013, 0.029, 0.999),VALID,(-0.040, 0.060, 0.997),(0.000, 0.000, 0.000),52.375,VALID,(0.085, 0.011, 0.996),(-0.028, 0.000, 0.000),0.424,2.918,6.887,0.560,VALID,(-0.038, 0.060, 0.997),(0.028, 0.000, 0.000),0.525,3.391,6.454,0.549,0.3896511,0
725442,1000003886085270500,63875744677245,(-0.017, 1.173, 0.042),(0.026, -0.013, 0.029, 0.999),VALID,(-0.025, 0.045, 0.999),(0.000, 0.000, 0.000),52.375,VALID,(0.084, 0.011, 0.996),(-0.028, 0.000, 0.000),0.424,2.918,6.887,0.571,VALID,(-0.024, 0.045, 0.999),(0.028, 0.000, 0.000),0.490,3.160,6.454,0.563,0.4733042,0
725443,1000003886090273900,63875744677245,(-0.017, 1.173, 0.042),(0.026, -0.013, 0.029, 0.999),VALID,(-0.009, 0.030, 1.000),(0.000, 0.000, 0.000),52.375,VALID,(0.082, 0.013, 0.997),(-0.028, 0.000, 0.000),0.425,2.929,6.887,0.578,VALID,(-0.009, 0.029, 1.000),(0.028, 0.000, 0.000),0.477,3.079,6.454,0.574,0.5925523,0
725444,1000003886095276200,63875744677245,(-0.017, 1.173, 0.042),(0.026, -0.013, 0.029, 0.999),VALID,(0.002, 0.019, 1.000),(0.000, 0.000, 0.000),52.375,VALID,(0.070, 0.012, 0.997),(-0.028, 0.000, 0.000),0.429,2.958,6.887,0.587,VALID,(0.003, 0.019, 1.000),(0.028, 0.000, 0.000),0.472,3.048,6.454,0.592,0.8228882,0
725445,1000003886100279600,63875744677245,(-0.017, 1.173, 0.042),(0.026, -0.013, 0.029, 0.999),VALID,(0.012, 0.011, 1.000),(0.000, 0.000, 0.000),52.375,VALID,(0.183, 0.011, 0.983),(-0.028, 0.000, 0.000),0.431,2.966,6.887,0.601,VALID,(0.012, 0.011, 1.000),(0.028, 0.000, 0.000),0.469,3.025,6.454,0.605,0.3234861,0
725446,1000003886105321900,63875744677245,(-0.017, 1.173, 0.042),(0.026, -0.013, 0.029, 0.999),VALID,(0.019, 0.003, 1.000),(0.000, 0.000, 0.000),52.375,VALID,(0.295, 0.009, 0.956),(-0.028, 0.000, 0.000),0.431,2.967,6.887,0.615,VALID,(0.019, 0.003, 1.000),(0.028, 0.000, 0.000),0.466,3.010,6.454,0.620,0.1960335,0
725447,1000003886110325300,63875744677245,(-0.017, 1.173, 0.042),(0.026, -0.013, 0.029, 0.999),VALID,(0.025, -0.005, 1.000),(0.000, 0.000, 0.000),52.375,VALID,(0.240, 0.010, 0.971),(-0.028, 0.000, 0.000),0.431,2.968,6.887,0.628,VALID,(0.026, -0.005, 1.000),(0.028, 0.000, 0.000),0.464,2.993,6.454,0.640,0.2537385,0
725448,1000003886115333200,63875744677245,(-0.017, 1.173, 0.042),(0.026, -0.013, 0.029, 0.999),VALID,(0.030, -0.010, 1.000),(0.000, 0.000, 0.000),52.375,VALID,(0.221, 0.012, 0.975),(-0.028, 0.000, 0.000),0.431,2.967,6.887,0.640,VALID,(0.030, -0.010, 0.999),(0.028, 0.000, 0.000),0.463,2.987,6.454,0.657,0.2826467,0
725449,1000003886120380900,63875744677245,(-0.017, 1.173, 0.042),(0.026, -0.013, 0.029, 0.999),VALID,(0.033, -0.014, 0.999),(0.000, 0.000, 0.000),52.375,VALID,(0.207, 0.013, 0.978),(-0.028, 0.000, 0.000),0.431,2.967,6.887,0.650,VALID,(0.033, -0.014, 0.999),(0.028, 0.000, 0.000),0.462,2.982,6.454,0.672,0.3082287,0
725450,1000003886125388800,63875744677245,(-0.017, 1.173, 0.042),(0.026, -0.013, 0.029, 0.999),VALID,(0.036, -0.017, 0.999),(0.000, 0.000, 0.000),52.375,VALID,(0.181, 0.015, 0.983),(-0.028, 0.000, 0.000),0.431,2.968,6.887,0.658,VALID,(0.036, -0.017, 0.999),(0.028, 0.000, 0.000),0.461,2.976,6.454,0.683,0.3635459,0
725451,1000003886130397200,63875744677245,(-0.017, 1.173, 0.042),(0.026, -0.013, 0.029, 0.999),VALID,(0.038, -0.022, 0.999),(0.000, 0.000, 0.000),52.375,VALID,(0.153, 0.017, 0.988),(-0.028, 0.000, 0.000),0.432,2.975,6.887,0.666,VALID,(0.038, -0.022, 0.999),(0.028, 0.000, 0.000),0.460,2.971,6.454,0.694,0.433836,0
725452,1000003886135405100,63875744677245,(-0.017, 1.173, 0.042),(0.026, -0.013, 0.029, 0.999),VALID,(0.040, -0.024, 0.999),(0.000, 0.000, 0.000),52.375,VALID,(0.131, 0.019, 0.991),(-0.028, 0.000, 0.000),0.433,2.980,6.887,0.673,VALID,(0.040, -0.024, 0.999),(0.028, 0.000, 0.000),0.460,2.968,6.454,0.702,0.4987419,0
725453,1000003886140416900,63875744677245,(-0.017, 1.173, 0.042),(0.026, -0.013, 0.029, 0.999),VALID,(0.041, -0.029, 0.999),(0.000, 0.000, 0.000),52.375,VALID,(0.114, 0.021, 0.993),(-0.028, 0.000, 0.000),0.433,2.982,6.887,0.678,VALID,(0.041, -0.029, 0.999),(0.028, 0.000, 0.000),0.460,2.967,6.454,0.709,0.521127,0
725454,1000003886145424800,63875744677245,(-0.017, 1.173, 0.042),(0.026, -0.013, 0.029, 0.999),VALID,(0.042, -0.032, 0.999),(0.000, 0.000, 0.000),52.375,VALID,(0.103, 0.023, 0.994),(-0.028, 0.000, 0.000),0.434,2.986,6.887,0.681,VALID,(0.042, -0.032, 0.999),(0.028, 0.000, 0.000),0.460,2.967,6.454,0.714,0.5083172,0
725455,1000003886150419300,63875744677245,(-0.017, 1.173, 0.042),(0.026, -0.013, 0.029, 0.999),VALID,(0.043, -0.033, 0.999),(0.000, 0.000, 0.000),52.375,VALID,(0.095, 0.024, 0.995),(-0.028, 0.000, 0.000),0.434,2.987,6.887,0.685,VALID,(0.043, -0.033, 0.999),(0.028, 0.000, 0.000),0.460,2.966,6.454,0.717,0.4836221,0
725456,1000003886155431300,63875744677245,(-0.017, 1.173, 0.042),(0.026, -0.013, 0.029, 0.999),VALID,(0.043, -0.035, 0.998),(0.000, 0.000, 0.000),52.375,VALID,(0.090, 0.026, 0.996),(-0.028, 0.000, 0.000),0.434,2.988,6.887,0.687,VALID,(0.043, -0.035, 0.998),(0.028, 0.000, 0.000),0.460,2.966,6.454,0.719,0.4414793,0
725457,1000003886160443100,63875744677245,(-0.017, 1.173, 0.042),(0.026, -0.013, 0.029, 0.999),VALID,(0.043, -0.037, 0.998),(0.000, 0.000, 0.000),52.375,VALID,(0.087, 0.027, 0.996),(-0.028, 0.000, 0.000),0.434,2.988,6.887,0.688,VALID,(0.043, -0.037, 0.998),(0.028, 0.000, 0.000),0.460,2.966,6.454,0.721,0.4066541,0
725458,1000003886165454000,63875744677245,(-0.017, 1.173, 0.042),(0.026, -0.013, 0.029, 0.999),VALID,(0.044, -0.038, 0.998),(0.000, 0.000, 0.000),52.375,VALID,(0.084, 0.028, 0.996),(-0.028, 0.000, 0.000),0.436,3.000,6.887,0.690,VALID,(0.044, -0.038, 0.998),(0.028, 0.000, 0.000),0.460,2.966,6.454,0.722,0.3738923,0
725459,1000003886170465800,63875744677245,(-0.017, 1.173, 0.042),(0.026, -0.013, 0.029, 0.999),VALID,(0.044, -0.040, 0.998),(0.000, 0.000, 0.000),52.375,VALID,(0.083, 0.029, 0.996),(-0.028, 0.000, 0.000),0.437,3.009,6.887,0.690,VALID,(0.044, -0.040, 0.998),(0.028, 0.000, 0.000),0.460,2.966,6.454,0.722,0.3437788,0
725460,1000003886175477600,63875744677245,(-0.017, 1.173, 0.042),(0.026, -0.013, 0.029, 0.999),VALID,(0.045, -0.041, 0.998),(0.000, 0.000, 0.000),52.375,VALID,(0.082, 0.030, 0.996),(-0.028, 0.000, 0.000),0.437,3.010,6.887,0.691,VALID,(0.045, -0.041, 0.998),(0.028, 0.000, 0.000),0.460,2.966,6.454,0.723,0.3239168,0
725461,1000003886180489400,63875744677245,(-0.017, 1.173, 0.042),(0.026, -0.013, 0.029, 0.999),VALID,(0.045, -0.042, 0.998),(0.000, 0.000, 0.000),52.375,VALID,(0.081, 0.031, 0.996),(-0.028, 0.000, 0.000),0.438,3.013,6.887,0.691,VALID,(0.045, -0.042, 0.998),(0.028, 0.000, 0.000),0.460,2.966,6.454,0.723,0.3066229,0.01009397
725462,1000003886185534000,63875744677245,(-0.017, 1.173, 0.042),(0.026, -0.013, 0.029, 0.999),VALID,(0.045, -0.042, 0.998),(0.000, 0.000, 0.000),52.375,VALID,(0.081, 0.032, 0.996),(-0.028, 0.000, 0.000),0.438,3.015,6.887,0.691,VALID,(0.045, -0.042, 0.998),(0.028, 0.000, 0.000),0.460,2.966,6.454,0.723,0.2922137,0.3131063
725463,1000003886190545800,63875744677245,(-0.017, 1.173, 0.042),(0.026, -0.013, 0.029, 0.999),VALID,(0.046, -0.044, 0.998),(0.000, 0.000, 0.000),52.375,VALID,(0.081, 0.033, 0.996),(-0.028, 0.000, 0.000),0.438,3.018,6.887,0.691,VALID,(0.046, -0.044, 0.998),(0.028, 0.000, 0.000),0.460,2.966,6.454,0.723,0.2762413,0.3267252
725464,1000003886195557600,63875744677245,(-0.017, 1.173, 0.042),(0.026, -0.013, 0.029, 0.999),VALID,(0.046, -0.042, 0.998),(0.000, 0.000, 0.000),52.375,VALID,(0.080, 0.033, 0.996),(-0.028, 0.000, 0.000),0.438,3.020,6.887,0.691,VALID,(0.046, -0.042, 0.998),(0.028, 0.000, 0.000),0.460,2.966,6.454,0.723,0.2787231,0.2769779
725465,1000003886200568500,63875744677245,(-0.017, 1.173, 0.042),(0.026, -0.013, 0.029, 0.999),VALID,(0.043, -0.038, 0.998),(0.000, 0.000, 0.000),52.375,VALID,(0.080, 0.034, 0.996),(-0.028, 0.000, 0.000),0.439,3.021,6.887,0.691,VALID,(0.043, -0.038, 0.998),(0.028, 0.000, 0.000),0.466,3.007,6.454,0.723,0.3146067,0
725466,1000003886205580300,63875744677245,(-0.017, 1.173, 0.042),(0.026, -0.013, 0.029, 0.999),VALID,(0.041, -0.035, 0.999),(0.000, 0.000, 0.000),52.375,VALID,(0.080, 0.034, 0.996),(-0.028, 0.000, 0.000),0.439,3.021,6.887,0.691,VALID,(0.041, -0.035, 0.999),(0.028, 0.000, 0.000),0.468,3.023,6.454,0.723,0.3391364,0.07628126
725467,1000003886210591200,63875744677245,(-0.017, 1.173, 0.042),(0.026, -0.013, 0.029, 0.999),VALID,(0.040, -0.033, 0.999),(0.000, 0.000, 0.000),52.375,VALID,(0.080, 0.035, 0.996),(-0.028, 0.000, 0.000),0.439,3.022,6.887,0.690,VALID,(0.040, -0.033, 0.999),(0.028, 0.000, 0.000),0.469,3.029,6.454,0.722,0.3594651,0.0574507
725468,1000003886215602100,63875744677245,(-0.017, 1.173, 0.042),(0.026, -0.013, 0.029, 0.999),VALID,(0.039, -0.033, 0.999),(0.000, 0.000, 0.000),52.375,VALID,(0.080, 0.035, 0.996),(-0.028, 0.000, 0.000),0.439,3.022,6.887,0.690,VALID,(0.039, -0.033, 0.999),(0.028, 0.000, 0.000),0.470,3.032,6.454,0.720,0.3603427,0
725469,1000003886220613900,63875744677245,(-0.017, 1.173, 0.042),(0.026, -0.013, 0.029, 0.999),VALID,(0.038, -0.032, 0.999),(0.000, 0.000, 0.000),52.375,VALID,(0.080, 0.035, 0.996),(-0.028, 0.000, 0.000),0.439,3.021,6.887,0.689,VALID,(0.038, -0.032, 0.999),(0.028, 0.000, 0.000),0.470,3.033,6.454,0.718,0.3760963,0
725470,1000003886225623500,63875744677245,(-0.017, 1.173, 0.042),(0.026, -0.013, 0.029, 0.999),VALID,(0.038, -0.031, 0.999),(0.000, 0.000, 0.000),52.375,VALID,(0.080, 0.035, 0.996),(-0.028, 0.000, 0.000),0.438,3.019,6.887,0.686,VALID,(0.038, -0.031, 0.999),(0.028, 0.000, 0.000),0.470,3.030,6.454,0.713,0.3846069,0
725471,1000003886230634400,63875744677245,(-0.017, 1.173, 0.042),(0.026, -0.013, 0.029, 0.999),VALID,(0.038, -0.030, 0.999),(0.000, 0.000, 0.000),52.375,VALID,(0.080, 0.035, 0.996),(-0.028, 0.000, 0.000),0.437,3.012,6.887,0.683,VALID,(0.038, -0.030, 0.999),(0.028, 0.000, 0.000),0.469,3.026,6.454,0.706,0.3908963,0
725472,1000003886235645300,63875744677245,(-0.017, 1.173, 0.042),(0.026, -0.013, 0.029, 0.999),VALID,(0.038, -0.030, 0.999),(0.000, 0.000, 0.000),52.375,VALID,(0.080, 0.035, 0.996),(-0.028, 0.000, 0.000),0.435,2.993,6.887,0.678,VALID,(0.038, -0.030, 0.999),(0.028, 0.000, 0.000),0.469,3.026,6.454,0.697,0.3975119,0
725473,1000003886240751400,63875744677245,(-0.017, 1.173, 0.042),(0.026, -0.013, 0.029, 0.999),VALID,(0.038, -0.031, 0.999),(0.000, 0.000, 0.000),52.375,VALID,(0.081, 0.034, 0.996),(-0.028, 0.000, 0.000),0.431,2.971,6.887,0.672,VALID,(0.038, -0.031, 0.999),(0.028, 0.000, 0.000),0.469,3.026,6.454,0.683,0.3913692,0
725474,1000003886245760900,63875744677245,(-0.017, 1.173, 0.042),(0.026, -0.013, 0.029, 0.999),VALID,(0.037, -0.033, 0.999),(0.000, 0.000, 0.000),52.375,VALID,(0.081, 0.033, 0.996),(-0.028, 0.000, 0.000),0.422,2.905,6.887,0.664,VALID,(0.037, -0.033, 0.999),(0.028, 0.000, 0.000),0.469,3.025,6.454,0.664,0.3860805,0
725475,1000003886250652800,63875744677245,(-0.017, 1.173, 0.042),(0.026, -0.013, 0.029, 0.999),VALID,(0.037, -0.037, 0.999),(0.000, 0.000, 0.000),52.375,VALID,(0.080, 0.032, 0.996),(-0.028, 0.000, 0.000),0.419,2.888,6.887,0.649,VALID,(0.037, -0.037, 0.999),(0.028, 0.000, 0.000),0.469,3.025,6.454,0.634,0.3571044,0
725476,1000003886255662300,63875744677245,(-0.017, 1.173, 0.042),(0.026, -0.013, 0.029, 0.999),VALID,(0.037, -0.041, 0.998),(0.000, 0.000, 0.000),52.375,VALID,(0.074, 0.020, 0.997),(-0.028, 0.000, 0.000),0.419,2.885,6.887,0.628,VALID,(0.037, -0.041, 0.998),(0.028, 0.000, 0.000),0.463,2.988,6.454,0.601,0.400206,0
725477,1000003886260683100,63875744677245,(-0.017, 1.173, 0.042),(0.026, -0.013, 0.029, 0.999),VALID,(0.035, -0.051, 0.998),(0.000, 0.000, 0.000),52.375,VALID,(0.071, 0.021, 0.997),(-0.028, 0.000, 0.000),0.418,2.876,6.887,0.605,VALID,(0.035, -0.051, 0.998),(0.028, 0.000, 0.000),0.442,2.850,6.454,0.564,0.3099073,0
725478,1000003886265700900,63875744677245,(-0.017, 1.173, 0.042),(0.026, -0.013, 0.029, 0.999),VALID,(0.036, -0.061, 0.997),(0.000, 0.000, 0.000),52.375,VALID,(0.061, 0.022, 0.998),(-0.028, 0.000, 0.000),0.409,2.818,6.887,0.592,VALID,(0.036, -0.061, 0.997),(0.028, 0.000, 0.000),0.436,2.815,6.454,0.526,0.1876674,0
725479,1000003886270746400,63875744677245,(-0.017, 1.173, 0.042),(0.026, -0.013, 0.029, 0.999),VALID,(0.034, -0.054, 0.998),(0.000, 0.000, 0.000),52.375,VALID,(0.053, 0.022, 0.998),(-0.028, 0.000, 0.000),0.395,2.721,6.887,0.568,VALID,(0.033, -0.060, 0.998),(0.028, 0.000, 0.000),0.375,2.418,6.454,0.489,0.1514497,0
725480,1000003886275756300,63875744677245,(-0.017, 1.173, 0.042),(0.026, -0.013, 0.029, 0.999),INVALID,,,,INVALID,,,,,,,INVALID,,,,,,,,
725481,1000003886280724800,63875744677245,(-0.017, 1.173, 0.042),(0.026, -0.013, 0.029, 0.999),INVALID,,,,INVALID,,,,,,,INVALID,,,,,,,,
725482,1000003886285747800,63875744677245,(-0.017, 1.173, 0.042),(0.026, -0.013, 0.029, 0.999),INVALID,,,,INVALID,,,,,,,INVALID,,,,,,,,
725483,1000003886290758200,63875744677245,(-0.017, 1.173, 0.042),(0.026, -0.013, 0.029, 0.999),INVALID,,,,INVALID,,,,,,,INVALID,,,,,,,,
725484,1000003886295803200,63875744677245,(-0.017, 1.173, 0.042),(0.026, -0.013, 0.029, 0.999),INVALID,,,,INVALID,,,,,,,INVALID,,,,,,,,
725485,1000003886300812700,63875744677245,(-0.017, 1.173, 0.042),(0.026, -0.013, 0.029, 0.999),INVALID,,,,INVALID,,,,,,,INVALID,,,,,,,,
725486,1000003886305822200,63875744677245,(-0.017, 1.173, 0.042),(0.026, -0.013, 0.029, 0.999),INVALID,,,,INVALID,,,,,,,INVALID,,,,,,,,
725487,1000003886310831700,63875744677245,(-0.017, 1.173, 0.042),(0.026, -0.013, 0.029, 0.999),INVALID,,,,INVALID,,,,,,,INVALID,,,,,,,,
725488,1000003886315878100,63875744677245,(-0.017, 1.173, 0.042),(0.026, -0.013, 0.029, 0.999),INVALID,,,,INVALID,,,,,,,INVALID,,,,,,,,
725489,1000003886320905100,63875744677245,(-0.017, 1.173, 0.042),(0.026, -0.013, 0.029, 0.999),INVALID,,,,INVALID,,,,,,,INVALID,,,,,,,,
725490,1000003886325917600,63875744677245,(-0.017, 1.173, 0.042),(0.026, -0.013, 0.029, 0.999),INVALID,,,,INVALID,,,,,,,INVALID,,,,,,,,
725491,1000003886330893200,63875744677245,(-0.017, 1.173, 0.042),(0.026, -0.013, 0.029, 0.999),INVALID,,,,INVALID,,,,,,,INVALID,,,,,,,,
725492,1000003886335905700,63875744677245,(-0.017, 1.173, 0.042),(0.026, -0.013, 0.029, 0.999),INVALID,,,,INVALID,,,,,,,INVALID,,,,,,,,
725493,1000003886340934200,63875744677245,(-0.017, 1.173, 0.042),(0.026, -0.013, 0.029, 0.999),INVALID,,,,INVALID,,,,,,,INVALID,,,,,,,,
725494,1000003886345946700,63875744677245,(-0.017, 1.173, 0.042),(0.026, -0.013, 0.029, 0.999),INVALID,,,,INVALID,,,,,,,INVALID,,,,,,,,
725495,1000003886350964500,63875744677246,(-0.017, 1.173, 0.042),(0.026, -0.013, 0.029, 0.999),INVALID,,,,INVALID,,,,,,,INVALID,,,,,,,,
725496,1000003886355966300,63875744677246,(-0.017, 1.173, 0.042),(0.026, -0.013, 0.029, 0.999),VALID,(-0.005, -0.077, 0.997),(0.000, 0.000, 0.000),52.375,VALID,(-0.013, -0.020, 1.000),(-0.028, 0.000, 0.000),0.489,3.370,6.887,0.441,INVALID,,,,,,0.290,2,0
725497,1000003886360984100,63875744677624,(-0.018, 1.175, 0.039),(0.029, -0.013, 0.029, 0.999),VALID,(-0.047, -0.098, 0.994),(0.000, 0.000, 0.000),52.375,VALID,(-0.063, -0.061, 0.996),(-0.028, 0.000, 0.000),0.489,3.370,6.887,0.436,INVALID,,,,,,0.292,2,0
725498,1000003886365996600,63875744677624,(-0.018, 1.175, 0.039),(0.029, -0.013, 0.029, 0.999),INVALID,,,,INVALID,,,,,,,INVALID,,,,,,,,
725499,1000003886371014400,63875744677624,(-0.018, 1.175, 0.039),(0.029, -0.013, 0.029, 0.999),INVALID,,,,INVALID,,,,,,,INVALID,,,,,,,,
725500,1000003886376026900,63875744677624,(-0.018, 1.175, 0.039),(0.029, -0.013, 0.029, 0.999),INVALID,,,,INVALID,,,,,,,INVALID,,,,,,,,
725501,1000003886381044700,63875744677624,(-0.018, 1.175, 0.039),(0.029, -0.013, 0.029, 0.999),INVALID,,,,INVALID,,,,,,,INVALID,,,,,,,,
725502,1000003886386057200,63875744677624,(-0.018, 1.175, 0.039),(0.029, -0.013, 0.029, 0.999),INVALID,,,,INVALID,,,,,,,INVALID,,,,,,,,
725503,1000003886391030500,63875744677624,(-0.018, 1.175, 0.039),(0.029, -0.013, 0.029, 0.999),INVALID,,,,INVALID,,,,,,,INVALID,,,,,,,,
725504,1000003886396043000,63875744677624,(-0.018, 1.175, 0.039),(0.029, -0.013, 0.029, 0.999),INVALID,,,,INVALID,,,,,,,INVALID,,,,,,,,
725505,1000003886401055500,63875744677624,(-0.018, 1.175, 0.039),(0.029, -0.013, 0.029, 0.999),INVALID,,,,INVALID,,,,,,,INVALID,,,,,,,,
725506,1000003886406081400,63875744677624,(-0.018, 1.175, 0.039),(0.029, -0.013, 0.029, 0.999),INVALID,,,,INVALID,,,,,,,INVALID,,,,,,,,
725507,1000003886411088000,63875744677624,(-0.018, 1.175, 0.039),(0.029, -0.013, 0.029, 0.999),INVALID,,,,INVALID,,,,,,,INVALID,,,,,,,,
725508,1000003886416098800,63875744677624,(-0.018, 1.175, 0.039),(0.029, -0.013, 0.029, 0.999),INVALID,,,,INVALID,,,,,,,INVALID,,,,,,,,
725509,1000003886421105400,63875744677624,(-0.018, 1.175, 0.039),(0.029, -0.013, 0.029, 0.999),INVALID,,,,INVALID,,,,,,,INVALID,,,,,,,,
725510,1000003886426116200,63875744677624,(-0.018, 1.175, 0.039),(0.029, -0.013, 0.029, 0.999),INVALID,,,,INVALID,,,,,,,INVALID,,,,,,,,
725511,1000003886431127000,63875744677624,(-0.018, 1.175, 0.039),(0.029, -0.013, 0.029, 0.999),INVALID,,,,INVALID,,,,,,,INVALID,,,,,,,,
725512,1000003886436133600,63875744677624,(-0.018, 1.175, 0.039),(0.029, -0.013, 0.029, 0.999),INVALID,,,,INVALID,,,,,,,INVALID,,,,,,,,
725513,1000003886441125300,63875744677624,(-0.018, 1.175, 0.039),(0.029, -0.013, 0.029, 0.999),INVALID,,,,INVALID,,,,,,,INVALID,,,,,,,,
725514,1000003886446126100,63875744677624,(-0.018, 1.175, 0.039),(0.029, -0.013, 0.029, 0.999),INVALID,,,,INVALID,,,,,,,INVALID,,,,,,,,
725515,1000003886451146400,63875744677624,(-0.018, 1.175, 0.039),(0.029, -0.013, 0.029, 0.999),INVALID,,,,INVALID,,,,,,,INVALID,,,,,,,,
725516,1000003886456174700,63875744677624,(-0.018, 1.175, 0.039),(0.029, -0.013, 0.029, 0.999),INVALID,,,,INVALID,,,,,,,INVALID,,,,,,,,
725517,1000003886461190400,63875744677624,(-0.018, 1.175, 0.039),(0.029, -0.013, 0.029, 0.999),INVALID,,,,INVALID,,,,,,,INVALID,,,,,,,,
725518,1000003886466197000,63875744677624,(-0.018, 1.175, 0.039),(0.029, -0.013, 0.029, 0.999),INVALID,,,,INVALID,,,,,,,INVALID,,,,,,,,
725519,1000003886471207800,63875744677624,(-0.018, 1.175, 0.039),(0.029, -0.013, 0.029, 0.999),INVALID,,,,INVALID,,,,,,,INVALID,,,,,,,,
725520,1000003886476214400,63875744677624,(-0.018, 1.175, 0.039),(0.029, -0.013, 0.029, 0.999),INVALID,,,,INVALID,,,,,,,INVALID,,,,,,,,
725521,1000003886481247200,63875744677624,(-0.018, 1.175, 0.039),(0.029, -0.013, 0.029, 0.999),INVALID,,,,INVALID,,,,,,,INVALID,,,,,,,,
725522,1000003886486253800,63875744677624,(-0.018, 1.175, 0.039),(0.029, -0.013, 0.029, 0.999),INVALID,,,,INVALID,,,,,,,INVALID,,,,,,,,
725523,1000003886491264600,63875744677624,(-0.018, 1.175, 0.039),(0.029, -0.013, 0.029, 0.999),INVALID,,,,INVALID,,,,,,,INVALID,,,,,,,,
725524,1000003886496278600,63875744677624,(-0.018, 1.175, 0.039),(0.029, -0.013, 0.029, 0.999),INVALID,,,,INVALID,,,,,,,INVALID,,,,,,,,
725525,1000003886501288600,63875744677625,(-0.018, 1.175, 0.039),(0.029, -0.013, 0.029, 0.999),INVALID,,,,INVALID,,,,,,,INVALID,,,,,,,,
725526,1000003886506298600,63875744677625,(-0.018, 1.175, 0.039),(0.029, -0.013, 0.029, 0.999),INVALID,,,,INVALID,,,,,,,INVALID,,,,,,,,
725527,1000003886511343700,63875744677625,(-0.018, 1.175, 0.039),(0.029, -0.013, 0.029, 0.999),INVALID,,,,INVALID,,,,,,,INVALID,,,,,,,,
725528,1000003886516354500,63875744677625,(-0.018, 1.175, 0.039),(0.029, -0.013, 0.029, 0.999),INVALID,,,,INVALID,,,,,,,INVALID,,,,,,,,
725529,1000003886521364500,63875744677625,(-0.018, 1.175, 0.039),(0.029, -0.013, 0.029, 0.999),INVALID,,,,INVALID,,,,,,,INVALID,,,,,,,,
725530,1000003886526375300,63875744677625,(-0.018, 1.175, 0.039),(0.029, -0.013, 0.029, 0.999),INVALID,,,,INVALID,,,,,,,INVALID,,,,,,,,
725531,1000003886531385300,63875744677625,(-0.018, 1.175, 0.039),(0.029, -0.013, 0.029, 0.999),INVALID,,,,INVALID,,,,,,,INVALID,,,,,,,,
725532,1000003886536427000,63875744677625,(-0.018, 1.175, 0.039),(0.029, -0.013, 0.029, 0.999),INVALID,,,,INVALID,,,,,,,INVALID,,,,,,,,
725533,1000003886541437000,63875744677625,(-0.018, 1.175, 0.039),(0.029, -0.013, 0.029, 0.999),INVALID,,,,INVALID,,,,,,,INVALID,,,,,,,,
725534,1000003886546409200,63875744677625,(-0.018, 1.175, 0.039),(0.029, -0.013, 0.029, 0.999),INVALID,,,,INVALID,,,,,,,INVALID,,,,,,,,
725535,1000003886551398600,63875744677625,(-0.018, 1.175, 0.039),(0.029, -0.013, 0.029, 0.999),INVALID,,,,INVALID,,,,,,,INVALID,,,,,,,,
725536,1000003886556410600,63875744677625,(-0.018, 1.175, 0.039),(0.029, -0.013, 0.029, 0.999),INVALID,,,,INVALID,,,,,,,INVALID,,,,,,,,
725537,1000003886561429200,63875744677625,(-0.018, 1.175, 0.039),(0.029, -0.013, 0.029, 0.999),INVALID,,,,INVALID,,,,,,,INVALID,,,,,,,,
725538,1000003886566437300,63875744677625,(-0.018, 1.175, 0.039),(0.029, -0.013, 0.029, 0.999),INVALID,,,,INVALID,,,,,,,INVALID,,,,,,,,
725539,1000003886571448300,63875744677625,(-0.018, 1.175, 0.039),(0.029, -0.013, 0.029, 0.999),INVALID,,,,INVALID,,,,,,,INVALID,,,,,,,,
725540,1000003886576458300,63875744677625,(-0.018, 1.175, 0.039),(0.029, -0.013, 0.029, 0.999),INVALID,,,,INVALID,,,,,,,INVALID,,,,,,,,
725541,1000003886581472700,63875744677625,(-0.018, 1.175, 0.039),(0.029, -0.013, 0.029, 0.999),INVALID,,,,INVALID,,,,,,,INVALID,,,,,,,,
725542,1000003886586480800,63875744677625,(-0.018, 1.175, 0.039),(0.029, -0.013, 0.029, 0.999),INVALID,,,,INVALID,,,,,,,INVALID,,,,,,,,
725543,1000003886591520700,63875744677625,(-0.018, 1.175, 0.039),(0.029, -0.013, 0.029, 0.999),INVALID,,,,INVALID,,,,,,,INVALID,,,,,,,,
725544,1000003886596528800,63875744677625,(-0.018, 1.175, 0.039),(0.029, -0.013, 0.029, 0.999),INVALID,,,,INVALID,,,,,,,INVALID,,,,,,,,
725545,1000003886601510100,63875744677625,(-0.018, 1.175, 0.039),(0.029, -0.013, 0.029, 0.999),INVALID,,,,INVALID,,,,,,,INVALID,,,,,,,,
725546,1000003886606525700,63875744677625,(-0.018, 1.175, 0.039),(0.029, -0.013, 0.029, 0.999),INVALID,,,,INVALID,,,,,,,INVALID,,,,,,,,
725547,1000003886611553400,63875744677625,(-0.018, 1.175, 0.039),(0.029, -0.013, 0.029, 0.999),INVALID,,,,INVALID,,,,,,,INVALID,,,,,,,,
725548,1000003886616579400,63875744677625,(-0.018, 1.175, 0.039),(0.029, -0.013, 0.029, 0.999),INVALID,,,,INVALID,,,,,,,INVALID,,,,,,,,
725549,1000003886621581900,63875744677625,(-0.018, 1.175, 0.039),(0.029, -0.013, 0.029, 0.999),INVALID,,,,INVALID,,,,,,,INVALID,,,,,,,,
725550,1000003886626592900,63875744677625,(-0.018, 1.175, 0.039),(0.029, -0.013, 0.029, 0.999),INVALID,,,,INVALID,,,,,,,INVALID,,,,,,,,
725551,1000003886631601000,63875744677625,(-0.018, 1.175, 0.039),(0.029, -0.013, 0.029, 0.999),INVALID,,,,INVALID,,,,,,,INVALID,,,,,,,,
725552,1000003886636617900,63875744677625,(-0.018, 1.175, 0.039),(0.029, -0.013, 0.029, 0.999),INVALID,,,,INVALID,,,,,,,INVALID,,,,,,,,
725553,1000003886641626000,63875744677625,(-0.018, 1.175, 0.039),(0.029, -0.013, 0.029, 0.999),INVALID,,,,INVALID,,,,,,,INVALID,,,,,,,,
725554,1000003886646634100,63875744677625,(-0.018, 1.175, 0.039),(0.029, -0.013, 0.029, 0.999),INVALID,,,,INVALID,,,,,,,INVALID,,,,,,,,
725555,1000003886651646700,63875744677625,(-0.018, 1.175, 0.039),(0.029, -0.013, 0.029, 0.999),INVALID,,,,INVALID,,,,,,,INVALID,,,,,,,,
725556,1000003886656654800,63875744677625,(-0.018, 1.175, 0.039),(0.029, -0.013, 0.029, 0.999),INVALID,,,,INVALID,,,,,,,INVALID,,,,,,,,
725557,1000003886661662900,63875744677625,(-0.018, 1.175, 0.039),(0.029, -0.013, 0.029, 0.999),INVALID,,,,INVALID,,,,,,,INVALID,,,,,,,,
725558,1000003886666686500,63875744677625,(-0.018, 1.175, 0.039),(0.029, -0.013, 0.029, 0.999),INVALID,,,,INVALID,,,,,,,INVALID,,,,,,,,
725559,1000003886671695500,63875744677625,(-0.018, 1.175, 0.039),(0.029, -0.013, 0.029, 0.999),INVALID,,,,INVALID,,,,,,,INVALID,,,,,,,,
725560,1000003886676704500,63875744677625,(-0.018, 1.175, 0.039),(0.029, -0.013, 0.029, 0.999),INVALID,,,,INVALID,,,,,,,INVALID,,,,,,,,
725561,1000003886681729800,63875744677625,(-0.018, 1.175, 0.039),(0.029, -0.013, 0.029, 0.999),INVALID,,,,INVALID,,,,,,,INVALID,,,,,,,,
725562,1000003886686738800,63875744677625,(-0.018, 1.175, 0.039),(0.029, -0.013, 0.029, 0.999),INVALID,,,,INVALID,,,,,,,INVALID,,,,,,,,
725563,1000003886691792700,63875744677625,(-0.018, 1.175, 0.039),(0.029, -0.013, 0.029, 0.999),INVALID,,,,INVALID,,,,,,,INVALID,,,,,,,,
725564,1000003886696801700,63875744677625,(-0.018, 1.175, 0.039),(0.029, -0.013, 0.029, 0.999),INVALID,,,,INVALID,,,,,,,INVALID,,,,,,,,
725565,1000003886701817700,63875744677625,(-0.018, 1.175, 0.039),(0.029, -0.013, 0.029, 0.999),INVALID,,,,INVALID,,,,,,,INVALID,,,,,,,,
725566,1000003886706826700,63875744677625,(-0.018, 1.175, 0.039),(0.029, -0.013, 0.029, 0.999),INVALID,,,,INVALID,,,,,,,INVALID,,,,,,,,
725567,1000003886711842300,63875744677625,(-0.018, 1.175, 0.039),(0.029, -0.013, 0.029, 0.999),INVALID,,,,INVALID,,,,,,,INVALID,,,,,,,,
725568,1000003886716851300,63875744677625,(-0.018, 1.175, 0.039),(0.029, -0.013, 0.029, 0.999),INVALID,,,,INVALID,,,,,,,INVALID,,,,,,,,
725569,1000003886721866900,63875744677625,(-0.018, 1.175, 0.039),(0.029, -0.013, 0.029, 0.999),INVALID,,,,INVALID,,,,,,,INVALID,,,,,,,,
725570,1000003886726875900,63875744677625,(-0.018, 1.175, 0.039),(0.029, -0.013, 0.029, 0.999),INVALID,,,,INVALID,,,,,,,INVALID,,,,,,,,
725571,1000003886731884900,63875744677625,(-0.018, 1.175, 0.039),(0.029, -0.013, 0.029, 0.999),INVALID,,,,INVALID,,,,,,,INVALID,,,,,,,,
725572,1000003886736912000,63875744677625,(-0.018, 1.175, 0.039),(0.029, -0.013, 0.029, 0.999),VALID,(-0.046, -0.130, 0.990),(0.000, 0.000, 0.000),52.375,VALID,(-0.040, -0.098, 0.994),(-0.028, 0.000, 0.000),0.307,2.115,6.887,0.393,VALID,(-0.095, -0.229, 0.969),(0.028, 0.000, 0.000),0.333,2.150,6.454,0.310,0.1481168,0
725573,1000003886741921000,63875744677636,(-0.018, 1.175, 0.039),(0.029, -0.013, 0.029, 0.999),VALID,(-0.036, -0.127, 0.991),(0.000, 0.000, 0.000),52.375,VALID,(-0.011, -0.104, 0.994),(-0.028, 0.000, 0.000),0.391,2.690,6.887,0.395,VALID,(-0.088, -0.126, 0.988),(0.028, 0.000, 0.000),0.383,2.471,6.454,0.313,0.6681774,0
725574,1000003886746930000,63875744677636,(-0.018, 1.175, 0.039),(0.029, -0.013, 0.029, 0.999),VALID,(-0.033, -0.118, 0.992),(0.000, 0.000, 0.000),52.375,VALID,(-0.003, -0.097, 0.995),(-0.028, 0.000, 0.000),0.426,2.934,6.887,0.399,VALID,(0.014, -0.069, 0.998),(0.028, 0.000, 0.000),0.379,2.448,6.454,0.317,2,0
725575,1000003886751939000,63875744677648,(-0.018, 1.175, 0.039),(0.029, -0.013, 0.029, 0.999),VALID,(-0.057, -0.167, 0.984),(0.000, 0.000, 0.000),52.375,VALID,(0.004, -0.085, 0.996),(-0.028, 0.000, 0.000),0.378,2.600,6.887,0.405,VALID,(-0.023, -0.133, 0.991),(0.028, 0.000, 0.000),0.373,2.405,6.454,0.319,0.487977,0
725576,1000003886756924200,63875744677648,(-0.018, 1.175, 0.039),(0.029, -0.013, 0.029, 0.999),VALID,(-0.114, -0.200, 0.973),(0.000, 0.000, 0.000),52.375,VALID,(0.008, -0.078, 0.997),(-0.028, 0.000, 0.000),0.373,2.567,6.887,0.409,VALID,(-0.094, -0.182, 0.979),(0.028, 0.000, 0.000),0.323,2.087,6.454,0.329,0.2654263,0
725577,1000003886761933200,63875744677648,(-0.018, 1.175, 0.039),(0.029, -0.013, 0.029, 0.999),VALID,(-0.091, -0.159, 0.983),(0.000, 0.000, 0.000),52.375,VALID,(0.011, -0.075, 0.997),(-0.028, 0.000, 0.000),0.000,0.000,6.887,0.413,VALID,(-0.076, -0.141, 0.987),(0.028, 0.000, 0.000),0.000,0.000,6.454,0.335,0.4031945,0
725578,1000003886766942200,63875744677659,(-0.018, 1.175, 0.039),(0.029, -0.013, 0.029, 0.999),VALID,(-0.077, -0.141, 0.987),(0.000, 0.000, 0.000),52.375,VALID,(0.012, -0.073, 0.997),(-0.028, 0.000, 0.000),0.000,0.000,6.887,0.422,VALID,(-0.064, -0.122, 0.990),(0.028, 0.000, 0.000),0.000,0.000,6.454,0.349,0.5166033,0
725579,1000003886771956500,63875744677670,(-0.018, 1.175, 0.039),(0.029, -0.013, 0.029, 0.999),VALID,(-0.070, -0.136, 0.988),(0.000, 0.000, 0.000),52.375,VALID,(0.012, -0.065, 0.998),(-0.028, 0.000, 0.000),0.000,0.000,6.887,0.437,VALID,(-0.059, -0.114, 0.992),(0.028, 0.000, 0.000),0.000,0.000,6.454,0.373,0.5267635,0
725580,1000003886776980900,63875744677670,(-0.018, 1.175, 0.039),(0.029, -0.013, 0.029, 0.999),VALID,(-0.067, -0.130, 0.989),(0.000, 0.000, 0.000),52.375,VALID,(0.012, -0.060, 0.998),(-0.028, 0.000, 0.000),0.000,0.000,6.887,0.451,VALID,(-0.057, -0.109, 0.992),(0.028, 0.000, 0.000),0.000,0.000,6.454,0.397,0.5358419,0
725581,1000003886781997100,63875744677670,(-0.018, 1.175, 0.039),(0.029, -0.013, 0.029, 0.999),VALID,(-0.066, -0.117, 0.991),(0.000, 0.000, 0.000),52.375,VALID,(0.012, -0.058, 0.998),(-0.028, 0.000, 0.000),0.000,0.000,6.887,0.470,VALID,(-0.058, -0.106, 0.993),(0.028, 0.000, 0.000),0.000,0.000,6.454,0.429,0.54299,0
725582,1000003886787021500,63875744677681,(-0.018, 1.175, 0.039),(0.030, -0.013, 0.029, 0.999),VALID,(-0.065, -0.097, 0.993),(0.000, 0.000, 0.000),52.375,VALID,(0.011, -0.055, 0.998),(-0.028, 0.000, 0.000),0.000,0.000,6.887,0.504,VALID,(-0.058, -0.096, 0.994),(0.028, 0.000, 0.000),0.000,0.000,6.454,0.462,0.5989563,0
725583,1000003886792070400,63875744677681,(-0.018, 1.175, 0.039),(0.030, -0.013, 0.029, 0.999),VALID,(-0.063, -0.070, 0.996),(0.000, 0.000, 0.000),52.375,VALID,(0.011, -0.050, 0.999),(-0.028, 0.000, 0.000),0.000,0.000,6.887,0.523,VALID,(-0.056, -0.075, 0.996),(0.028, 0.000, 0.000),0.000,0.000,6.454,0.490,0.7277444,0
725584,1000003886797101400,63875744677693,(-0.018, 1.175, 0.039),(0.030, -0.013, 0.028, 0.999),VALID,(-0.061, -0.045, 0.997),(0.000, 0.000, 0.000),52.375,VALID,(0.011, -0.033, 0.999),(-0.028, 0.000, 0.000),0.000,0.000,6.887,0.542,VALID,(-0.054, -0.053, 0.997),(0.028, 0.000, 0.000),0.000,0.000,6.454,0.517,0.7835685,0
725585,1000003886802110700,63875744677693,(-0.018, 1.175, 0.039),(0.030, -0.013, 0.028, 0.999),VALID,(-0.060, -0.025, 0.998),(0.000, 0.000, 0.000),52.375,VALID,(0.011, -0.013, 1.000),(-0.028, 0.000, 0.000),0.000,0.000,6.887,0.560,VALID,(-0.053, -0.034, 0.998),(0.028, 0.000, 0.000),0.000,0.000,6.454,0.549,0.7902328,0
725586,1000003886807023800,63875744677693,(-0.018, 1.175, 0.039),(0.030, -0.013, 0.028, 0.999),VALID,(-0.059, -0.010, 0.998),(0.000, 0.000, 0.000),52.375,VALID,(0.011, 0.005, 1.000),(-0.028, 0.000, 0.000),0.000,0.000,6.887,0.576,VALID,(-0.051, -0.017, 0.999),(0.028, 0.000, 0.000),0.000,0.000,6.454,0.574,0.7883428,0
725587,1000003886812091900,63875744677704,(-0.018, 1.175, 0.039),(0.030, -0.013, 0.028, 0.999),VALID,(-0.059, 0.001, 0.998),(0.000, 0.000, 0.000),52.375,VALID,(0.011, 0.022, 1.000),(-0.028, 0.000, 0.000),0.000,0.000,6.887,0.595,VALID,(-0.050, -0.005, 0.999),(0.028, 0.000, 0.000),0.000,0.000,6.454,0.600,0.7599397,0
725588,1000003886817707200,63875744677704,(-0.018, 1.175, 0.039),(0.030, -0.013, 0.028, 0.999),VALID,(-0.058, 0.008, 0.998),(0.000, 0.000, 0.000),52.375,VALID,(0.012, 0.035, 0.999),(-0.028, 0.000, 0.000),0.000,0.000,6.887,0.613,VALID,(-0.050, 0.003, 0.999),(0.028, 0.000, 0.000),0.000,0.000,6.454,0.622,0.7174289,0
725589,1000003886822557000,63875744677716,(-0.018, 1.175, 0.039),(0.030, -0.013, 0.028, 0.999),VALID,(-0.057, 0.013, 0.998),(0.000, 0.000, 0.000),52.375,VALID,(0.012, 0.048, 0.999),(-0.028, 0.000, 0.000),0.000,0.000,6.887,0.630,VALID,(-0.049, 0.009, 0.999),(0.028, 0.000, 0.000),0.000,0.000,6.454,0.640,0.6543394,0
725590,1000003886827389000,63875744677716,(-0.018, 1.175, 0.039),(0.030, -0.013, 0.028, 0.999),VALID,(-0.056, 0.017, 0.998),(0.000, 0.000, 0.000),52.375,VALID,(0.013, 0.059, 0.998),(-0.028, 0.000, 0.000),0.000,0.000,6.887,0.645,VALID,(-0.048, 0.014, 0.999),(0.028, 0.000, 0.000),0.000,0.000,6.454,0.656,0.5945814,0
725591,1000003886832100700,63875744677726,(-0.018, 1.175, 0.039),(0.030, -0.013, 0.028, 0.999),VALID,(-0.054, 0.019, 0.998),(0.000, 0.000, 0.000),52.375,VALID,(0.014, 0.067, 0.998),(-0.028, 0.000, 0.000),0.000,0.000,6.887,0.660,VALID,(-0.047, 0.017, 0.999),(0.028, 0.000, 0.000),0.000,0.000,6.454,0.670,0.5515125,0
725592,1000003886837115000,63875744677726,(-0.018, 1.175, 0.039),(0.030, -0.013, 0.028, 0.999),VALID,(-0.052, 0.021, 0.998),(0.000, 0.000, 0.000),52.375,VALID,(0.014, 0.072, 0.997),(-0.028, 0.000, 0.000),0.000,0.000,6.887,0.673,VALID,(-0.047, 0.020, 0.999),(0.028, 0.000, 0.000),0.000,0.000,6.454,0.683,0.5227922,0
725593,1000003886842129400,63875744677738,(-0.018, 1.175, 0.038),(0.030, -0.013, 0.028, 0.999),VALID,(-0.051, 0.022, 0.998),(0.000, 0.000, 0.000),52.375,VALID,(0.015, 0.076, 0.997),(-0.028, 0.000, 0.000),0.000,0.000,6.887,0.686,VALID,(-0.046, 0.021, 0.999),(0.028, 0.000, 0.000),0.000,0.000,6.454,0.697,0.5126447,0
725594,1000003886847162400,63875744677738,(-0.018, 1.175, 0.038),(0.030, -0.013, 0.028, 0.999),VALID,(-0.049, 0.024, 0.999),(0.000, 0.000, 0.000),52.375,VALID,(0.016, 0.078, 0.997),(-0.028, 0.000, 0.000),0.000,0.000,6.887,0.697,VALID,(-0.046, 0.023, 0.999),(0.028, 0.000, 0.000),0.000,0.000,6.454,0.706,0.5077008,0
725595,1000003886852176800,63875744677738,(-0.018, 1.175, 0.038),(0.030, -0.013, 0.028, 0.999),VALID,(-0.048, 0.026, 0.999),(0.000, 0.000, 0.000),52.375,VALID,(0.016, 0.079, 0.997),(-0.028, 0.000, 0.000),0.000,0.000,6.887,0.706,VALID,(-0.046, 0.025, 0.999),(0.028, 0.000, 0.000),0.000,0.000,6.454,0.711,0.5112821,0
725596,1000003886857191200,63875744677749,(-0.018, 1.175, 0.039),(0.030, -0.013, 0.028, 0.999),VALID,(-0.046, 0.027, 0.999),(0.000, 0.000, 0.000),52.375,VALID,(0.017, 0.080, 0.997),(-0.028, 0.000, 0.000),0.000,0.000,6.887,0.713,VALID,(-0.045, 0.026, 0.999),(0.028, 0.000, 0.000),0.000,0.000,6.454,0.713,0.5149947,0
725597,1000003886862205500,63875744677749,(-0.018, 1.175, 0.039),(0.030, -0.013, 0.028, 0.999),VALID,(-0.045, 0.028, 0.999),(0.000, 0.000, 0.000),52.375,VALID,(0.017, 0.081, 0.997),(-0.028, 0.000, 0.000),0.000,0.000,6.887,0.718,VALID,(-0.045, 0.028, 0.999),(0.028, 0.000, 0.000),0.000,0.000,6.454,0.717,0.52054,0
725598,1000003886867219900,63875744677761,(-0.018, 1.175, 0.038),(0.030, -0.013, 0.028, 0.999),VALID,(-0.044, 0.029, 0.999),(0.000, 0.000, 0.000),52.375,VALID,(0.018, 0.081, 0.997),(-0.028, 0.000, 0.000),0.000,0.000,6.887,0.722,VALID,(-0.044, 0.029, 0.999),(0.028, 0.000, 0.000),0.000,0.000,6.454,0.722,0.5250685,0
725599,1000003886872234300,63875744677761,(-0.018, 1.175, 0.038),(0.030, -0.013, 0.028, 0.999),VALID,(-0.043, 0.030, 0.999),(0.000, 0.000, 0.000),52.375,VALID,(0.018, 0.081, 0.997),(-0.028, 0.000, 0.000),0.000,0.000,6.887,0.724,VALID,(-0.044, 0.029, 0.999),(0.028, 0.000, 0.000),0.000,0.000,6.454,0.726,0.5293807,0
725600,1000003886877248700,63875744677771,(-0.018, 1.175, 0.038),(0.030, -0.013, 0.028, 0.999),VALID,(-0.043, 0.030, 0.999),(0.000, 0.000, 0.000),52.375,VALID,(0.018, 0.082, 0.996),(-0.028, 0.000, 0.000),0.000,0.000,6.887,0.727,VALID,(-0.044, 0.030, 0.999),(0.028, 0.000, 0.000),0.000,0.000,6.454,0.733,0.5346989,0
725601,1000003886882263100,63875744677772,(-0.018, 1.175, 0.038),(0.030, -0.013, 0.028, 0.999),VALID,(-0.042, 0.031, 0.999),(0.000, 0.000, 0.000),52.375,VALID,(0.019, 0.082, 0.996),(-0.028, 0.000, 0.000),0.000,0.000,6.887,0.729,VALID,(-0.043, 0.031, 0.999),(0.028, 0.000, 0.000),0.000,0.000,6.454,0.737,0.5419699,0.2670962
725602,1000003886887277500,63875744677783,(-0.018, 1.175, 0.038),(0.031, -0.013, 0.028, 0.999),VALID,(-0.042, 0.032, 0.999),(0.000, 0.000, 0.000),52.375,VALID,(0.019, 0.082, 0.996),(-0.028, 0.000, 0.000),0.000,0.000,6.887,0.732,VALID,(-0.043, 0.032, 0.999),(0.028, 0.000, 0.000),0.000,0.000,6.454,0.743,0.548995,0.6894268
725603,1000003886892291900,63875744677783,(-0.018, 1.175, 0.038),(0.031, -0.013, 0.028, 0.999),VALID,(-0.041, 0.034, 0.999),(0.000, 0.000, 0.000),52.375,VALID,(0.019, 0.082, 0.996),(-0.028, 0.000, 0.000),0.450,3.101,6.887,0.736,VALID,(-0.043, 0.033, 0.999),(0.028, 0.000, 0.000),0.466,3.009,6.454,0.747,0.5582709,0.7780095
725604,1000003886897244500,63875744677783,(-0.018, 1.175, 0.038),(0.031, -0.013, 0.028, 0.999),VALID,(-0.041, 0.035, 0.999),(0.000, 0.000, 0.000),52.375,VALID,(0.103, 0.075, 0.992),(-0.028, 0.000, 0.000),0.450,3.100,6.887,0.738,VALID,(-0.042, 0.035, 0.999),(0.028, 0.000, 0.000),0.466,3.009,6.454,0.753,0.3563078,0.8033985
725605,1000003886902258900,63875744677794,(-0.018, 1.175, 0.039),(0.031, -0.013, 0.028, 0.999),VALID,(-0.041, 0.036, 0.999),(0.000, 0.000, 0.000),52.375,VALID,(0.175, 0.071, 0.982),(-0.028, 0.000, 0.000),0.450,3.100,6.887,0.740,VALID,(-0.042, 0.035, 0.998),(0.028, 0.000, 0.000),0.466,3.009,6.454,0.759,0.2482337,0.8887271
725606,1000003886907273300,63875744677794,(-0.018, 1.175, 0.039),(0.031, -0.013, 0.028, 0.999),VALID,(-0.041, 0.036, 0.999),(0.000, 0.000, 0.000),52.375,VALID,(0.222, 0.068, 0.973),(-0.028, 0.000, 0.000),0.450,3.100,6.887,0.742,VALID,(-0.042, 0.036, 0.998),(0.028, 0.000, 0.000),0.466,3.009,6.454,0.763,0.2056971,0.902274
725607,1000003886912303600,63875744677806,(-0.018, 1.175, 0.038),(0.031, -0.013, 0.028, 0.999),VALID,(-0.040, 0.036, 0.999),(0.000, 0.000, 0.000),52.375,VALID,(0.243, 0.066, 0.968),(-0.028, 0.000, 0.000),0.450,3.099,6.887,0.743,VALID,(-0.042, 0.036, 0.998),(0.028, 0.000, 0.000),0.466,3.009,6.454,0.770,0.1906345,0.91431
725608,1000003886917885200,63875744677806,(-0.018, 1.175, 0.038),(0.031, -0.013, 0.028, 0.999),VALID,(-0.040, 0.037, 0.999),(0.000, 0.000, 0.000),52.375,VALID,(0.252, 0.064, 0.966),(-0.028, 0.000, 0.000),0.464,3.197,6.887,0.744,VALID,(-0.041, 0.037, 0.998),(0.028, 0.000, 0.000),0.466,3.010,6.454,0.775,0.1848003,0.9361513
725609,1000003886922751500,63875744677817,(-0.018, 1.175, 0.038),(0.031, -0.013, 0.028, 0.999),VALID,(-0.040, 0.037, 0.999),(0.000, 0.000, 0.000),52.375,VALID,(0.256, 0.062, 0.965),(-0.028, 0.000, 0.000),0.467,3.216,6.887,0.745,VALID,(-0.041, 0.037, 0.998),(0.028, 0.000, 0.000),0.466,3.010,6.454,0.779,0.1823782,0.9566214
725610,1000003886927753700,63875744677817,(-0.018, 1.175, 0.038),(0.031, -0.013, 0.028, 0.999),VALID,(-0.041, 0.034, 0.999),(0.000, 0.000, 0.000),52.375,VALID,(0.258, 0.056, 0.965),(-0.028, 0.000, 0.000),0.468,3.221,6.887,0.746,VALID,(-0.041, 0.034, 0.999),(0.028, 0.000, 0.000),0.466,3.010,6.454,0.785,0.1814776,0.6402216
725611,1000003886932327800,63875744677828,(-0.018, 1.175, 0.038),(0.031, -0.013, 0.028, 0.999),VALID,(-0.041, 0.032, 0.999),(0.000, 0.000, 0.000),52.375,VALID,(0.259, 0.050, 0.965),(-0.028, 0.000, 0.000),0.468,3.223,6.887,0.747,VALID,(-0.042, 0.032, 0.999),(0.028, 0.000, 0.000),0.466,3.011,6.454,0.790,0.1812285,0.6437573
725612,1000003886937325600,63875744677828,(-0.018, 1.175, 0.038),(0.031, -0.013, 0.028, 0.999),VALID,(-0.041, 0.031, 0.999),(0.000, 0.000, 0.000),52.375,VALID,(0.211, 0.054, 0.976),(-0.028, 0.000, 0.000),0.457,3.146,6.887,0.747,VALID,(-0.042, 0.031, 0.999),(0.028, 0.000, 0.000),0.467,3.011,6.454,0.795,0.2159652,0.6647959
725613,1000003886942366000,63875744677839,(-0.018, 1.175, 0.038),(0.031, -0.013, 0.028, 0.999),VALID,(-0.042, 0.030, 0.999),(0.000, 0.000, 0.000),52.375,VALID,(0.203, 0.057, 0.978),(-0.028, 0.000, 0.000),0.454,3.129,6.887,0.748,VALID,(-0.042, 0.030, 0.999),(0.028, 0.000, 0.000),0.467,3.012,6.454,0.796,0.2223085,0.6663223
725614,1000003886947368200,63875744677850,(-0.019, 1.175, 0.038),(0.031, -0.013, 0.029, 0.999),VALID,(-0.041, 0.031, 0.999),(0.000, 0.000, 0.000),52.375,VALID,(0.143, 0.055, 0.988),(-0.028, 0.000, 0.000),0.454,3.125,6.887,0.747,VALID,(-0.042, 0.031, 0.999),(0.028, 0.000, 0.000),0.467,3.012,6.454,0.798,0.2946385,0.3534999
725615,1000003886952384000,63875744677850,(-0.019, 1.175, 0.038),(0.031, -0.013, 0.029, 0.999),VALID,(-0.041, 0.032, 0.999),(0.000, 0.000, 0.000),52.375,VALID,(0.105, 0.058, 0.993),(-0.028, 0.000, 0.000),0.454,3.124,6.887,0.747,VALID,(-0.042, 0.032, 0.999),(0.028, 0.000, 0.000),0.467,3.012,6.454,0.800,0.3687244,0.3520715
725616,1000003886957386200,63875744677861,(-0.019, 1.175, 0.038),(0.031, -0.013, 0.029, 0.999),VALID,(-0.041, 0.033, 0.999),(0.000, 0.000, 0.000),52.375,VALID,(0.076, 0.059, 0.995),(-0.028, 0.000, 0.000),0.454,3.124,6.887,0.748,VALID,(-0.042, 0.033, 0.999),(0.028, 0.000, 0.000),0.467,3.012,6.454,0.799,0.4534753,0.3425943
725617,1000003886962403800,63875744677861,(-0.019, 1.175, 0.038),(0.031, -0.013, 0.029, 0.999),VALID,(-0.041, 0.034, 0.999),(0.000, 0.000, 0.000),52.375,VALID,(0.056, 0.060, 0.997),(-0.028, 0.000, 0.000),0.454,3.124,6.887,0.748,VALID,(-0.041, 0.034, 0.999),(0.028, 0.000, 0.000),0.467,3.012,6.454,0.801,0.5348802,0.3461399
725618,1000003886967434100,63875744677861,(-0.019, 1.175, 0.038),(0.031, -0.013, 0.029, 0.999),VALID,(-0.041, 0.035, 0.999),(0.000, 0.000, 0.000),52.375,VALID,(0.043, 0.062, 0.997),(-0.028, 0.000, 0.000),0.454,3.124,6.887,0.747,VALID,(-0.041, 0.035, 0.999),(0.028, 0.000, 0.000),0.467,3.012,6.454,0.801,0.6010115,0.3417449
725619,1000003886972431900,63875744677872,(-0.019, 1.175, 0.038),(0.031, -0.013, 0.029, 0.999),VALID,(-0.040, 0.036, 0.999),(0.000, 0.000, 0.000),52.375,VALID,(0.035, 0.064, 0.997),(-0.028, 0.000, 0.000),0.454,3.124,6.887,0.747,VALID,(-0.041, 0.036, 0.999),(0.028, 0.000, 0.000),0.467,3.011,6.454,0.798,0.6474319,0.3497622
725620,1000003886977452900,63875744677872,(-0.019, 1.175, 0.038),(0.031, -0.013, 0.029, 0.999),VALID,(-0.040, 0.037, 0.999),(0.000, 0.000, 0.000),52.375,VALID,(0.007, 0.062, 0.998),(-0.028, 0.000, 0.000),0.453,3.123,6.887,0.747,VALID,(-0.041, 0.037, 0.998),(0.028, 0.000, 0.000),0.466,3.011,6.454,0.794,0.9056107,0.3604763
725621,1000003886982450700,63875744677872,(-0.019, 1.175, 0.038),(0.031, -0.013, 0.029, 0.999),VALID,(-0.040, 0.038, 0.998),(0.000, 0.000, 0.000),52.375,VALID,(0.012, 0.064, 0.998),(-0.028, 0.000, 0.000),0.453,3.120,6.887,0.747,VALID,(-0.041, 0.038, 0.998),(0.028, 0.000, 0.000),0.466,3.010,6.454,0.787,0.8505993,0.3653718
725622,1000003886987492100,63875744677883,(-0.019, 1.175, 0.038),(0.031, -0.014, 0.029, 0.999),VALID,(-0.040, 0.040, 0.998),(0.000, 0.000, 0.000),52.375,VALID,(0.015, 0.066, 0.998),(-0.028, 0.000, 0.000),0.453,3.118,6.887,0.746,VALID,(-0.040, 0.040, 0.998),(0.028, 0.000, 0.000),0.466,3.010,6.454,0.778,0.8326216,0.2394842
725623,1000003886992618400,63875744677883,(-0.019, 1.175, 0.038),(0.031, -0.014, 0.029, 0.999),VALID,(-0.039, 0.042, 0.998),(0.000, 0.000, 0.000),52.375,VALID,(0.027, 0.065, 0.998),(-0.028, 0.000, 0.000),0.453,3.117,6.887,0.746,VALID,(-0.039, 0.042, 0.998),(0.028, 0.000, 0.000),0.466,3.010,6.454,0.781,0.749504,0.2384888
725624,1000003886997639400,63875744677894,(-0.019, 1.175, 0.038),(0.031, -0.014, 0.029, 0.999),VALID,(-0.038, 0.044, 0.998),(0.000, 0.000, 0.000),52.375,VALID,(0.025, 0.067, 0.997),(-0.028, 0.000, 0.000),0.452,3.115,6.887,0.745,VALID,(-0.039, 0.044, 0.998),(0.028, 0.000, 0.000),0.467,3.011,6.454,0.787,0.7737772,0.2052364
725625,1000003887002637200,63875744677894,(-0.019, 1.175, 0.038),(0.031, -0.014, 0.029, 0.999),VALID,(-0.038, 0.045, 0.998),(0.000, 0.000, 0.000),52.375,VALID,(0.023, 0.069, 0.997),(-0.028, 0.000, 0.000),0.452,3.113,6.887,0.745,VALID,(-0.038, 0.045, 0.998),(0.028, 0.000, 0.000),0.467,3.012,6.454,0.798,0.790979,0.1972637
725626,1000003887007629400,63875744677894,(-0.019, 1.175, 0.038),(0.031, -0.014, 0.029, 0.999),VALID,(-0.037, 0.046, 0.998),(0.000, 0.000, 0.000),52.375,VALID,(0.031, 0.067, 0.997),(-0.028, 0.000, 0.000),0.452,3.111,6.887,0.744,VALID,(-0.038, 0.046, 0.998),(0.028, 0.000, 0.000),0.467,3.013,6.454,0.812,0.7397847,0.197492
725627,1000003887012498900,63875744677905,(-0.019, 1.175, 0.038),(0.031, -0.014, 0.029, 0.999),VALID,(-0.037, 0.047, 0.998),(0.000, 0.000, 0.000),52.375,VALID,(0.037, 0.066, 0.997),(-0.028, 0.000, 0.000),0.451,3.109,6.887,0.742,VALID,(-0.037, 0.047, 0.998),(0.028, 0.000, 0.000),0.467,3.014,6.454,0.826,0.7038093,0.1937142
725628,1000003887017496700,63875744677905,(-0.019, 1.175, 0.038),(0.031, -0.014, 0.029, 0.999),VALID,(-0.036, 0.047, 0.998),(0.000, 0.000, 0.000),52.375,VALID,(0.033, 0.067, 0.997),(-0.028, 0.000, 0.000),0.451,3.106,6.887,0.741,VALID,(-0.037, 0.047, 0.998),(0.028, 0.000, 0.000),0.467,3.014,6.454,0.839,0.740851,0.2002813
725629,1000003887022799100,63875744677917,(-0.019, 1.175, 0.038),(0.031, -0.014, 0.029, 0.999),VALID,(-0.036, 0.050, 0.998),(0.000, 0.000, 0.000),52.375,VALID,(0.038, 0.067, 0.997),(-0.028, 0.000, 0.000),0.451,3.104,6.887,0.739,VALID,(-0.037, 0.050, 0.998),(0.028, 0.000, 0.000),0.467,3.013,6.454,0.850,0.7146272,0.3256778
725630,1000003887027788500,63875744677917,(-0.019, 1.175, 0.038),(0.031, -0.014, 0.029, 0.999),VALID,(-0.037, 0.052, 0.998),(0.000, 0.000, 0.000),52.375,VALID,(0.034, 0.068, 0.997),(-0.028, 0.000, 0.000),0.450,3.102,6.887,0.738,VALID,(-0.037, 0.052, 0.998),(0.028, 0.000, 0.000),0.466,3.010,6.454,0.858,0.753576,0.3328966
725631,1000003887032809500,63875744677928,(-0.019, 1.175, 0.038),(0.031, -0.014, 0.029, 0.999),VALID,(-0.037, 0.054, 0.998),(0.000, 0.000, 0.000),52.375,VALID,(0.037, 0.068, 0.997),(-0.028, 0.000, 0.000),0.450,3.098,6.887,0.736,VALID,(-0.037, 0.054, 0.998),(0.028, 0.000, 0.000),0.466,3.006,6.454,0.866,0.7304057,0.3271645
725632,1000003887037798900,63875744677928,(-0.019, 1.175, 0.038),(0.031, -0.014, 0.029, 0.999),VALID,(-0.037, 0.056, 0.998),(0.000, 0.000, 0.000),52.375,VALID,(0.040, 0.068, 0.997),(-0.028, 0.000, 0.000),0.449,3.094,6.887,0.732,VALID,(-0.037, 0.056, 0.998),(0.028, 0.000, 0.000),0.464,2.994,6.454,0.872,0.7130681,0.3150286
725633,1000003887042607400,63875744677939,(-0.019, 1.175, 0.038),(0.031, -0.014, 0.029, 0.999),VALID,(-0.036, 0.056, 0.998),(0.000, 0.000, 0.000),52.375,VALID,(0.036, 0.069, 0.997),(-0.028, 0.000, 0.000),0.449,3.089,6.887,0.730,VALID,(-0.037, 0.056, 0.998),(0.028, 0.000, 0.000),0.462,2.982,6.454,0.877,0.7460675,0.476261
725634,1000003887047596800,63875744677939,(-0.019, 1.175, 0.038),(0.031, -0.014, 0.029, 0.999),VALID,(-0.036, 0.055, 0.998),(0.000, 0.000, 0.000),52.375,VALID,(0.039, 0.068, 0.997),(-0.028, 0.000, 0.000),0.447,3.076,6.887,0.729,VALID,(-0.036, 0.055, 0.998),(0.028, 0.000, 0.000),0.460,2.971,6.454,0.881,0.7264125,0.4679179
725635,1000003887052599300,63875744677939,(-0.019, 1.175, 0.038),(0.031, -0.014, 0.029, 0.999),VALID,(-0.036, 0.055, 0.998),(0.000, 0.000, 0.000),52.375,VALID,(0.041, 0.067, 0.997),(-0.028, 0.000, 0.000),0.445,3.065,6.887,0.727,VALID,(-0.036, 0.055, 0.998),(0.028, 0.000, 0.000),0.459,2.960,6.454,0.885,0.7148122,0.4484603
725636,1000003887057622400,63875744677950,(-0.019, 1.175, 0.038),(0.031, -0.014, 0.029, 0.999),VALID,(-0.035, 0.055, 0.998),(0.000, 0.000, 0.000),52.375,VALID,(0.037, 0.068, 0.997),(-0.028, 0.000, 0.000),0.444,3.055,6.887,0.725,VALID,(-0.035, 0.055, 0.998),(0.028, 0.000, 0.000),0.457,2.951,6.454,0.888,0.7457827,0.4353156
725637,1000003887062624900,63875744677950,(-0.019, 1.175, 0.038),(0.031, -0.014, 0.029, 0.999),VALID,(-0.035, 0.055, 0.998),(0.000, 0.000, 0.000),52.375,VALID,(0.040, 0.067, 0.997),(-0.028, 0.000, 0.000),0.442,3.042,6.887,0.724,VALID,(-0.035, 0.055, 0.998),(0.028, 0.000, 0.000),0.455,2.939,6.454,0.891,0.73004,0.4154424
725638,1000003887067636300,63875744677961,(-0.019, 1.175, 0.038),(0.031, -0.014, 0.029, 0.999),VALID,(-0.034, 0.054, 0.998),(0.000, 0.000, 0.000),52.375,VALID,(0.030, 0.066, 0.997),(-0.028, 0.000, 0.000),0.440,3.032,6.887,0.722,VALID,(-0.034, 0.054, 0.998),(0.028, 0.000, 0.000),0.452,2.919,6.454,0.893,0.8434368,0.2269874
725639,1000003887072638800,63875744677961,(-0.019, 1.175, 0.038),(0.031, -0.014, 0.029, 0.999),VALID,(-0.034, 0.054, 0.998),(0.000, 0.000, 0.000),52.375,VALID,(0.033, 0.065, 0.997),(-0.028, 0.000, 0.000),0.439,3.022,6.887,0.720,VALID,(-0.034, 0.054, 0.998),(0.028, 0.000, 0.000),0.450,2.903,6.454,0.895,0.8153324,0.03792121
725640,1000003887077706400,63875744677973,(-0.019, 1.175, 0.038),(0.031, -0.014, 0.029, 0.999),VALID,(-0.034, 0.054, 0.998),(0.000, 0.000, 0.000),52.375,VALID,(0.030, 0.066, 0.997),(-0.028, 0.000, 0.000),0.437,3.007,6.887,0.717,VALID,(-0.034, 0.054, 0.998),(0.028, 0.000, 0.000),0.447,2.888,6.454,0.897,0.8477271,0.03581799
725641,1000003887082708900,63875744677973,(-0.019, 1.175, 0.038),(0.031, -0.014, 0.029, 0.999),VALID,(-0.032, 0.052, 0.998),(0.000, 0.000, 0.000),52.375,VALID,(0.032, 0.063, 0.998),(-0.028, 0.000, 0.000),0.435,2.993,6.887,0.715,VALID,(-0.032, 0.052, 0.998),(0.028, 0.000, 0.000),0.445,2.875,6.454,0.899,0.8576977,0
725642,1000003887087730100,63875744677983,(-0.019, 1.175, 0.038),(0.031, -0.014, 0.029, 0.999),VALID,(-0.030, 0.052, 0.998),(0.000, 0.000, 0.000),52.375,VALID,(0.033, 0.060, 0.998),(-0.028, 0.000, 0.000),0.432,2.977,6.887,0.713,VALID,(-0.030, 0.052, 0.998),(0.028, 0.000, 0.000),0.443,2.859,6.454,0.902,0.8713962,0
725643,1000003887092719500,63875744677983,(-0.019, 1.175, 0.038),(0.031, -0.014, 0.029, 0.999),VALID,(-0.028, 0.051, 0.998),(0.000, 0.000, 0.000),52.375,VALID,(0.027, 0.057, 0.998),(-0.028, 0.000, 0.000),0.429,2.956,6.887,0.710,VALID,(-0.028, 0.051, 0.998),(0.028, 0.000, 0.000),0.441,2.847,6.454,0.903,1.010289,0
725644,1000003887097733100,63875744677995,(-0.019, 1.175, 0.038),(0.031, -0.014, 0.029, 0.999),VALID,(-0.026, 0.050, 0.998),(0.000, 0.000, 0.000),52.375,VALID,(0.028, 0.053, 0.998),(-0.028, 0.000, 0.000),0.426,2.934,6.887,0.708,VALID,(-0.026, 0.050, 0.998),(0.028, 0.000, 0.000),0.439,2.832,6.454,0.905,1.019707,0
725645,1000003887102746800,63875744677995,(-0.019, 1.175, 0.038),(0.031, -0.014, 0.029, 0.999),VALID,(-0.025, 0.049, 0.999),(0.000, 0.000, 0.000),52.375,VALID,(0.022, 0.050, 0.999),(-0.028, 0.000, 0.000),0.440,3.029,6.887,0.706,VALID,(-0.025, 0.049, 0.999),(0.028, 0.000, 0.000),0.437,2.817,6.454,0.906,2,0
725646,1000003887107749300,63875744677995,(-0.019, 1.175, 0.038),(0.031, -0.014, 0.029, 0.999),VALID,(-0.023, 0.047, 0.999),(0.000, 0.000, 0.000),52.375,VALID,(0.025, 0.047, 0.999),(-0.028, 0.000, 0.000),0.441,3.040,6.887,0.703,VALID,(-0.023, 0.047, 0.999),(0.028, 0.000, 0.000),0.435,2.804,6.454,0.907,2,0
725647,1000003887112765000,63875744678005,(-0.019, 1.175, 0.038),(0.031, -0.014, 0.029, 0.999),VALID,(-0.022, 0.045, 0.999),(0.000, 0.000, 0.000),52.375,VALID,(0.019, 0.044, 0.999),(-0.028, 0.000, 0.000),0.441,3.040,6.887,0.701,VALID,(-0.022, 0.045, 0.999),(0.028, 0.000, 0.000),0.432,2.786,6.454,0.909,2,0
725648,1000003887117784600,63875744678005,(-0.019, 1.175, 0.038),(0.031, -0.014, 0.029, 0.999),VALID,(-0.021, 0.043, 0.999),(0.000, 0.000, 0.000),52.375,VALID,(0.022, 0.041, 0.999),(-0.028, 0.000, 0.000),0.441,3.035,6.887,0.699,VALID,(-0.021, 0.043, 0.999),(0.028, 0.000, 0.000),0.429,2.769,6.454,0.910,2,0
725649,1000003887122805300,63875744678016,(-0.019, 1.175, 0.038),(0.031, -0.014, 0.029, 0.999),VALID,(-0.020, 0.042, 0.999),(0.000, 0.000, 0.000),52.375,VALID,(0.023, 0.039, 0.999),(-0.028, 0.000, 0.000),0.439,3.020,6.887,0.696,VALID,(-0.020, 0.042, 0.999),(0.028, 0.000, 0.000),0.426,2.749,6.454,0.911,2,0
725650,1000003887127882700,63875744678016,(-0.019, 1.175, 0.038),(0.031, -0.014, 0.029, 0.999),VALID,(-0.020, 0.040, 0.999),(0.000, 0.000, 0.000),52.375,VALID,(0.018, 0.037, 0.999),(-0.028, 0.000, 0.000),0.438,3.018,6.887,0.694,VALID,(-0.020, 0.040, 0.999),(0.028, 0.000, 0.000),0.423,2.731,6.454,0.912,2,0
725651,1000003887132896400,63875744678028,(-0.019, 1.175, 0.038),(0.031, -0.014, 0.029, 0.999),VALID,(-0.019, 0.039, 0.999),(0.000, 0.000, 0.000),52.375,VALID,(0.013, 0.036, 0.999),(-0.028, 0.000, 0.000),0.441,3.035,6.887,0.693,VALID,(-0.019, 0.039, 0.999),(0.028, 0.000, 0.000),0.420,2.711,6.454,0.913,2,0
725652,1000003887137910100,63875744678028,(-0.019, 1.175, 0.038),(0.031, -0.014, 0.029, 0.999),VALID,(-0.018, 0.037, 0.999),(0.000, 0.000, 0.000),52.375,VALID,(0.008, 0.035, 0.999),(-0.028, 0.000, 0.000),0.442,3.046,6.887,0.691,VALID,(-0.018, 0.037, 0.999),(0.028, 0.000, 0.000),0.417,2.692,6.454,0.914,2,0
725653,1000003887142904700,63875744678039,(-0.019, 1.175, 0.038),(0.031, -0.014, 0.029, 0.999),VALID,(-0.018, 0.036, 0.999),(0.000, 0.000, 0.000),52.375,VALID,(0.004, 0.034, 0.999),(-0.028, 0.000, 0.000),0.444,3.055,6.887,0.689,VALID,(-0.018, 0.036, 0.999),(0.028, 0.000, 0.000),0.415,2.678,6.454,0.915,2,0
725654,1000003887147916300,63875744678039,(-0.019, 1.175, 0.038),(0.031, -0.014, 0.029, 0.999),VALID,(-0.018, 0.035, 0.999),(0.000, 0.000, 0.000),52.375,VALID,(0.001, 0.032, 0.999),(-0.028, 0.000, 0.000),0.445,3.064,6.887,0.688,VALID,(-0.018, 0.035, 0.999),(0.028, 0.000, 0.000),0.413,2.664,6.454,0.916,2,0
725655,1000003887152930000,63875744678050,(-0.019, 1.175, 0.038),(0.031, -0.014, 0.029, 0.999),VALID,(-0.018, 0.035, 0.999),(0.000, 0.000, 0.000),52.375,VALID,(-0.004, 0.034, 0.999),(-0.028, 0.000, 0.000),0.444,3.055,6.887,0.686,VALID,(-0.018, 0.035, 0.999),(0.028, 0.000, 0.000),0.411,2.652,6.454,0.917,2,0
725656,1000003887157925000,63875744678050,(-0.019, 1.175, 0.038),(0.031, -0.014, 0.029, 0.999),VALID,(-0.018, 0.036, 0.999),(0.000, 0.000, 0.000),52.375,VALID,(-0.007, 0.034, 0.999),(-0.028, 0.000, 0.000),0.438,3.016,6.887,0.685,VALID,(-0.018, 0.036, 0.999),(0.028, 0.000, 0.000),0.409,2.640,6.454,0.917,2,0
725657,1000003887162938700,63875744678061,(-0.019, 1.175, 0.038),(0.031, -0.014, 0.029, 0.999),VALID,(-0.019, 0.036, 0.999),(0.000, 0.000, 0.000),52.375,VALID,(-0.010, 0.035, 0.999),(-0.028, 0.000, 0.000),0.432,2.975,6.887,0.683,VALID,(-0.019, 0.036, 0.999),(0.028, 0.000, 0.000),0.407,2.626,6.454,0.918,2,0
725658,1000003887167943700,63875744678061,(-0.019, 1.175, 0.038),(0.031, -0.014, 0.029, 0.999),VALID,(-0.019, 0.037, 0.999),(0.000, 0.000, 0.000),52.375,VALID,(-0.012, 0.036, 0.999),(-0.028, 0.000, 0.000),0.426,2.933,6.887,0.681,VALID,(-0.019, 0.037, 0.999),(0.028, 0.000, 0.000),0.405,2.611,6.454,0.919,2,0
725659,1000003887172900800,63875744678061,(-0.019, 1.175, 0.038),(0.031, -0.014, 0.029, 0.999),VALID,(-0.019, 0.037, 0.999),(0.000, 0.000, 0.000),52.375,VALID,(-0.015, 0.036, 0.999),(-0.028, 0.000, 0.000),0.421,2.899,6.887,0.680,VALID,(-0.019, 0.037, 0.999),(0.028, 0.000, 0.000),0.403,2.598,6.454,0.920,2,0
725660,1000003887177914900,63875744678072,(-0.019, 1.175, 0.038),(0.031, -0.014, 0.029, 0.999),VALID,(-0.020, 0.037, 0.999),(0.000, 0.000, 0.000),52.375,VALID,(-0.016, 0.037, 0.999),(-0.028, 0.000, 0.000),0.418,2.879,6.887,0.677,VALID,(-0.020, 0.037, 0.999),(0.028, 0.000, 0.000),0.400,2.581,6.454,0.921,2,0.3807902
725661,1000003887182966500,63875744678072,(-0.019, 1.175, 0.038),(0.031, -0.014, 0.029, 0.999),VALID,(-0.020, 0.037, 0.999),(0.000, 0.000, 0.000),52.375,VALID,(-0.018, 0.037, 0.999),(-0.028, 0.000, 0.000),0.414,2.848,6.887,0.675,VALID,(-0.020, 0.037, 0.999),(0.028, 0.000, 0.000),0.397,2.563,6.454,0.922,2,0.5099614
725662,1000003887188004900,63875744678083,(-0.019, 1.175, 0.038),(0.031, -0.014, 0.029, 0.999),VALID,(-0.020, 0.037, 0.999),(0.000, 0.000, 0.000),52.375,VALID,(-0.018, 0.036, 0.999),(-0.028, 0.000, 0.000),0.411,2.828,6.887,0.674,VALID,(-0.020, 0.037, 0.999),(0.028, 0.000, 0.000),0.394,2.545,6.454,0.923,2,0.4770304
725663,1000003887193019000,63875744678083,(-0.019, 1.175, 0.038),(0.031, -0.014, 0.029, 0.999),VALID,(-0.020, 0.037, 0.999),(0.000, 0.000, 0.000),52.375,VALID,(-0.019, 0.036, 0.999),(-0.028, 0.000, 0.000),0.409,2.816,6.887,0.673,VALID,(-0.020, 0.037, 0.999),(0.028, 0.000, 0.000),0.392,2.530,6.454,0.924,2,0.3555219
725664,1000003887198033100,63875744678094,(-0.019, 1.175, 0.038),(0.031, -0.014, 0.029, 0.999),VALID,(-0.020, 0.037, 0.999),(0.000, 0.000, 0.000),52.375,VALID,(-0.020, 0.036, 0.999),(-0.028, 0.000, 0.000),0.405,2.791,6.887,0.672,VALID,(-0.020, 0.037, 0.999),(0.028, 0.000, 0.000),0.390,2.515,6.454,0.924,2,0.3627665
725665,1000003887203046900,63875744678094,(-0.019, 1.175, 0.038),(0.031, -0.014, 0.029, 0.999),VALID,(-0.021, 0.037, 0.999),(0.000, 0.000, 0.000),52.375,VALID,(-0.022, 0.036, 0.999),(-0.028, 0.000, 0.000),0.402,2.769,6.887,0.670,VALID,(-0.021, 0.037, 0.999),(0.028, 0.000, 0.000),0.387,2.500,6.454,0.925,2,0.3543516
725666,1000003887208061000,63875744678094,(-0.019, 1.175, 0.038),(0.031, -0.014, 0.029, 0.999),VALID,(-0.021, 0.037, 0.999),(0.000, 0.000, 0.000),52.375,VALID,(-0.022, 0.036, 0.999),(-0.028, 0.000, 0.000),0.399,2.749,6.887,0.669,VALID,(-0.021, 0.037, 0.999),(0.028, 0.000, 0.000),0.385,2.486,6.454,0.926,2,0.3415105
725667,1000003887213074800,63875744678105,(-0.019, 1.175, 0.038),(0.032, -0.014, 0.029, 0.999),VALID,(-0.021, 0.037, 0.999),(0.000, 0.000, 0.000),52.375,VALID,(-0.023, 0.036, 0.999),(-0.028, 0.000, 0.000),0.397,2.736,6.887,0.666,VALID,(-0.021, 0.037, 0.999),(0.028, 0.000, 0.000),0.383,2.472,6.454,0.926,2,0.3204695
725668,1000003887218094600,63875744678105,(-0.019, 1.175, 0.038),(0.032, -0.014, 0.029, 0.999),VALID,(-0.021, 0.037, 0.999),(0.000, 0.000, 0.000),52.375,VALID,(-0.024, 0.036, 0.999),(-0.028, 0.000, 0.000),0.395,2.719,6.887,0.665,VALID,(-0.021, 0.037, 0.999),(0.028, 0.000, 0.000),0.381,2.459,6.454,0.927,2,0.3087527
725669,1000003887223108700,63875744678117,(-0.018, 1.174, 0.039),(0.032, -0.014, 0.029, 0.999),VALID,(-0.022, 0.036, 0.999),(0.000, 0.000, 0.000),52.375,VALID,(-0.025, 0.036, 0.999),(-0.028, 0.000, 0.000),0.393,2.705,6.887,0.664,VALID,(-0.022, 0.036, 0.999),(0.028, 0.000, 0.000),0.379,2.446,6.454,0.928,2,0.3360382
725670,1000003887228122500,63875744678117,(-0.018, 1.174, 0.039),(0.032, -0.014, 0.029, 0.999),VALID,(-0.022, 0.035, 0.999),(0.000, 0.000, 0.000),52.375,VALID,(-0.024, 0.035, 0.999),(-0.028, 0.000, 0.000),0.389,2.681,6.887,0.662,VALID,(-0.022, 0.035, 0.999),(0.028, 0.000, 0.000),0.377,2.431,6.454,0.929,2,0.1743422
725671,1000003887233136600,63875744678127,(-0.018, 1.174, 0.039),(0.032, -0.013, 0.029, 0.999),VALID,(-0.022, 0.034, 0.999),(0.000, 0.000, 0.000),52.375,VALID,(-0.024, 0.034, 0.999),(-0.028, 0.000, 0.000),0.387,2.662,6.887,0.661,VALID,(-0.022, 0.034, 0.999),(0.028, 0.000, 0.000),0.375,2.418,6.454,0.930,2,0.2162975
725672,1000003887238125900,63875744678127,(-0.018, 1.174, 0.039),(0.032, -0.013, 0.029, 0.999),VALID,(-0.022, 0.033, 0.999),(0.000, 0.000, 0.000),52.375,VALID,(-0.025, 0.033, 0.999),(-0.028, 0.000, 0.000),0.384,2.648,6.887,0.660,VALID,(-0.022, 0.033, 0.999),(0.028, 0.000, 0.000),0.372,2.404,6.454,0.930,2,0.1701142
725673,1000003887243140000,63875744678139,(-0.018, 1.174, 0.039),(0.032, -0.013, 0.029, 0.999),VALID,(-0.022, 0.032, 0.999),(0.000, 0.000, 0.000),52.375,VALID,(-0.025, 0.032, 0.999),(-0.028, 0.000, 0.000),0.382,2.631,6.887,0.659,VALID,(-0.022, 0.032, 0.999),(0.028, 0.000, 0.000),0.370,2.388,6.454,0.931,2,0.1280329
725674,1000003887248153800,63875744678140,(-0.018, 1.174, 0.039),(0.032, -0.013, 0.029, 0.999),VALID,(-0.023, 0.030, 0.999),(0.000, 0.000, 0.000),52.375,VALID,(-0.025, 0.030, 0.999),(-0.028, 0.000, 0.000),0.381,2.621,6.887,0.658,VALID,(-0.023, 0.030, 0.999),(0.028, 0.000, 0.000),0.368,2.372,6.454,0.931,2,0.3445751
725675,1000003887253167900,63875744678150,(-0.018, 1.174, 0.039),(0.032, -0.013, 0.029, 0.999),VALID,(-0.023, 0.030, 0.999),(0.000, 0.000, 0.000),52.375,VALID,(-0.026, 0.030, 0.999),(-0.028, 0.000, 0.000),0.379,2.609,6.887,0.656,VALID,(-0.023, 0.030, 0.999),(0.028, 0.000, 0.000),0.366,2.359,6.454,0.932,2,0.2983921
725676,1000003887258169800,63875744678150,(-0.018, 1.174, 0.039),(0.032, -0.013, 0.029, 0.999),VALID,(-0.023, 0.028, 0.999),(0.000, 0.000, 0.000),52.375,VALID,(-0.026, 0.028, 0.999),(-0.028, 0.000, 0.000),0.378,2.602,6.887,0.655,VALID,(-0.023, 0.028, 0.999),(0.028, 0.000, 0.000),0.363,2.344,6.454,0.933,2,0.2374545
725677,1000003887263183900,63875744678150,(-0.018, 1.174, 0.039),(0.032, -0.013, 0.029, 0.999),VALID,(-0.024, 0.027, 0.999),(0.000, 0.000, 0.000),52.375,VALID,(-0.026, 0.027, 0.999),(-0.028, 0.000, 0.000),0.377,2.596,6.887,0.653,VALID,(-0.024, 0.027, 0.999),(0.028, 0.000, 0.000),0.361,2.332,6.454,0.933,2,0.2419676
725678,1000003887268198000,63875744678161,(-0.018, 1.174, 0.039),(0.032, -0.013, 0.029, 0.999),VALID,(-0.024, 0.027, 0.999),(0.000, 0.000, 0.000),52.375,VALID,(-0.027, 0.026, 0.999),(-0.028, 0.000, 0.000),0.376,2.591,6.887,0.652,VALID,(-0.024, 0.027, 0.999),(0.028, 0.000, 0.000),0.360,2.321,6.454,0.934,2,0.1876705
725679,1000003887273221800,63875744678161,(-0.018, 1.174, 0.039),(0.032, -0.013, 0.029, 0.999),VALID,(-0.025, 0.025, 0.999),(0.000, 0.000, 0.000),52.375,VALID,(-0.027, 0.025, 0.999),(-0.028, 0.000, 0.000),0.375,2.584,6.887,0.651,VALID,(-0.025, 0.025, 0.999),(0.028, 0.000, 0.000),0.358,2.313,6.454,0.934,2,0.1298705
725680,1000003887278235900,63875744678172,(-0.018, 1.174, 0.039),(0.032, -0.013, 0.029, 0.999),VALID,(-0.025, 0.024, 0.999),(0.000, 0.000, 0.000),52.375,VALID,(-0.027, 0.024, 0.999),(-0.028, 0.000, 0.000),0.374,2.573,6.887,0.649,VALID,(-0.025, 0.024, 0.999),(0.028, 0.000, 0.000),0.357,2.305,6.454,0.935,2,0.1242509
725681,1000003887283214500,63875744678172,(-0.018, 1.174, 0.039),(0.032, -0.013, 0.029, 0.999),VALID,(-0.026, 0.023, 0.999),(0.000, 0.000, 0.000),52.375,VALID,(-0.026, 0.023, 0.999),(-0.028, 0.000, 0.000),0.371,2.554,6.887,0.648,VALID,(-0.026, 0.023, 0.999),(0.028, 0.000, 0.000),0.356,2.297,6.454,0.935,2,0.2781318
725682,1000003887288228600,63875744678184,(-0.018, 1.174, 0.039),(0.032, -0.013, 0.030, 0.999),VALID,(-0.026, 0.023, 0.999),(0.000, 0.000, 0.000),52.375,VALID,(-0.026, 0.023, 0.999),(-0.028, 0.000, 0.000),0.368,2.531,6.887,0.646,VALID,(-0.026, 0.023, 0.999),(0.028, 0.000, 0.000),0.354,2.288,6.454,0.936,2,0.4031592
725683,1000003887293242700,63875744678184,(-0.018, 1.174, 0.039),(0.032, -0.013, 0.030, 0.999),VALID,(-0.027, 0.022, 0.999),(0.000, 0.000, 0.000),52.375,VALID,(-0.027, 0.022, 0.999),(-0.028, 0.000, 0.000),0.365,2.511,6.887,0.645,VALID,(-0.027, 0.022, 0.999),(0.028, 0.000, 0.000),0.353,2.277,6.454,0.936,2,0.4014303
725684,1000003887298255000,63875744678184,(-0.018, 1.174, 0.039),(0.032, -0.013, 0.030, 0.999),VALID,(-0.027, 0.021, 0.999),(0.000, 0.000, 0.000),52.375,VALID,(-0.027, 0.021, 0.999),(-0.028, 0.000, 0.000),0.361,2.487,6.887,0.644,VALID,(-0.027, 0.021, 0.999),(0.028, 0.000, 0.000),0.351,2.265,6.454,0.936,2,0.3954602
725685,1000003887303269300,63875744678195,(-0.018, 1.174, 0.039),(0.032, -0.013, 0.029, 0.999),VALID,(-0.028, 0.020, 0.999),(0.000, 0.000, 0.000),52.375,VALID,(-0.028, 0.020, 0.999),(-0.028, 0.000, 0.000),0.359,2.474,6.887,0.643,VALID,(-0.028, 0.020, 0.999),(0.028, 0.000, 0.000),0.349,2.252,6.454,0.936,2,0.4073529
725686,1000003887308307200,63875744678206,(-0.017, 1.174, 0.040),(0.032, -0.013, 0.030, 0.999),VALID,(-0.029, 0.019, 0.999),(0.000, 0.000, 0.000),52.375,VALID,(-0.028, 0.019, 0.999),(-0.028, 0.000, 0.000),0.358,2.464,6.887,0.642,VALID,(-0.029, 0.019, 0.999),(0.028, 0.000, 0.000),0.347,2.241,6.454,0.937,2,0.4185557
725687,1000003887313319400,63875744678217,(-0.017, 1.174, 0.040),(0.032, -0.014, 0.030, 0.999),VALID,(-0.030, 0.020, 0.999),(0.000, 0.000, 0.000),52.375,VALID,(-0.029, 0.020, 0.999),(-0.028, 0.000, 0.000),0.357,2.456,6.887,0.642,VALID,(-0.030, 0.020, 0.999),(0.028, 0.000, 0.000),0.345,2.227,6.454,0.937,2,0.2259754
725688,1000003887318333700,63875744678217,(-0.017, 1.174, 0.040),(0.032, -0.014, 0.030, 0.999),VALID,(-0.031, 0.021, 0.999),(0.000, 0.000, 0.000),52.375,VALID,(-0.030, 0.021, 0.999),(-0.028, 0.000, 0.000),0.355,2.445,6.887,0.640,VALID,(-0.031, 0.021, 0.999),(0.028, 0.000, 0.000),0.344,2.218,6.454,0.937,2,0.2219169
725689,1000003887323345900,63875744678217,(-0.017, 1.174, 0.040),(0.032, -0.014, 0.030, 0.999),VALID,(-0.035, 0.023, 0.999),(0.000, 0.000, 0.000),52.375,VALID,(-0.031, 0.023, 0.999),(-0.028, 0.000, 0.000),0.353,2.430,6.887,0.639,VALID,(-0.035, 0.023, 0.999),(0.028, 0.000, 0.000),0.342,2.207,6.454,0.937,2,0.09862458
725690,1000003887328360200,63875744678228,(-0.017, 1.173, 0.040),(0.032, -0.014, 0.030, 0.999),VALID,(-0.037, 0.023, 0.999),(0.000, 0.000, 0.000),52.375,VALID,(-0.032, 0.023, 0.999),(-0.028, 0.000, 0.000),0.351,2.416,6.887,0.638,VALID,(-0.037, 0.023, 0.999),(0.028, 0.000, 0.000),0.340,2.197,6.454,0.937,2,0
725691,1000003887333372400,63875744678228,(-0.017, 1.173, 0.040),(0.032, -0.014, 0.030, 0.999),VALID,(-0.040, 0.024, 0.999),(0.000, 0.000, 0.000),52.375,VALID,(-0.034, 0.024, 0.999),(-0.028, 0.000, 0.000),0.350,2.408,6.887,0.636,VALID,(-0.040, 0.024, 0.999),(0.028, 0.000, 0.000),0.338,2.184,6.454,0.937,2,0
725692,1000003887338386700,63875744678228,(-0.017, 1.173, 0.040),(0.032, -0.014, 0.030, 0.999),VALID,(-0.042, 0.024, 0.999),(0.000, 0.000, 0.000),52.375,VALID,(-0.036, 0.024, 0.999),(-0.028, 0.000, 0.000),0.348,2.399,6.887,0.635,VALID,(-0.042, 0.024, 0.999),(0.028, 0.000, 0.000),0.337,2.172,6.454,0.937,2,0
725693,1000003887343380200,63875744678239,(-0.017, 1.173, 0.040),(0.032, -0.014, 0.030, 0.999),VALID,(-0.045, 0.024, 0.999),(0.000, 0.000, 0.000),52.375,VALID,(-0.038, 0.024, 0.999),(-0.028, 0.000, 0.000),0.347,2.389,6.887,0.632,VALID,(-0.045, 0.024, 0.999),(0.028, 0.000, 0.000),0.334,2.157,6.454,0.937,2,0
725694,1000003887348394500,63875744678239,(-0.017, 1.173, 0.040),(0.032, -0.014, 0.030, 0.999),VALID,(-0.047, 0.024, 0.999),(0.000, 0.000, 0.000),52.375,VALID,(-0.040, 0.024, 0.999),(-0.028, 0.000, 0.000),0.345,2.377,6.887,0.630,VALID,(-0.047, 0.024, 0.999),(0.028, 0.000, 0.000),0.333,2.147,6.454,0.937,2,0
725695,1000003887353399600,63875744678251,(-0.017, 1.173, 0.040),(0.032, -0.014, 0.030, 0.999),VALID,(-0.049, 0.025, 0.998),(0.000, 0.000, 0.000),52.375,VALID,(-0.042, 0.025, 0.999),(-0.028, 0.000, 0.000),0.344,2.370,6.887,0.630,VALID,(-0.049, 0.025, 0.998),(0.028, 0.000, 0.000),0.331,2.137,6.454,0.938,2,0
725696,1000003887358413900,63875744678251,(-0.017, 1.173, 0.040),(0.032, -0.014, 0.030, 0.999),VALID,(-0.051, 0.026, 0.998),(0.000, 0.000, 0.000),52.375,VALID,(-0.044, 0.026, 0.999),(-0.028, 0.000, 0.000),0.343,2.359,6.887,0.628,VALID,(-0.051, 0.026, 0.998),(0.028, 0.000, 0.000),0.330,2.129,6.454,0.938,2,0
725697,1000003887363440900,63875744678262,(-0.017, 1.173, 0.040),(0.032, -0.014, 0.030, 0.999),VALID,(-0.053, 0.027, 0.998),(0.000, 0.000, 0.000),52.375,VALID,(-0.046, 0.027, 0.999),(-0.028, 0.000, 0.000),0.341,2.346,6.887,0.627,VALID,(-0.053, 0.027, 0.998),(0.028, 0.000, 0.000),0.329,2.120,6.454,0.938,2,0
725698,1000003887368455200,63875744678262,(-0.017, 1.173, 0.040),(0.032, -0.014, 0.030, 0.999),VALID,(-0.055, 0.027, 0.998),(0.000, 0.000, 0.000),52.375,VALID,(-0.048, 0.027, 0.998),(-0.028, 0.000, 0.000),0.339,2.336,6.887,0.626,VALID,(-0.055, 0.027, 0.998),(0.028, 0.000, 0.000),0.327,2.110,6.454,0.938,2,0
725699,1000003887373482200,63875744678272,(-0.017, 1.173, 0.040),(0.032, -0.014, 0.030, 0.999),VALID,(-0.055, 0.027, 0.998),(0.000, 0.000, 0.000),52.375,VALID,(-0.042, 0.027, 0.999),(-0.028, 0.000, 0.000),0.337,2.322,6.887,0.626,VALID,(-0.055, 0.027, 0.998),(0.028, 0.000, 0.000),0.326,2.102,6.454,0.938,2,0
725700,1000003887378496500,63875744678273,(-0.017, 1.173, 0.040),(0.032, -0.014, 0.030, 0.999),VALID,(-0.057, 0.027, 0.998),(0.000, 0.000, 0.000),52.375,VALID,(-0.043, 0.027, 0.999),(-0.028, 0.000, 0.000),0.336,2.313,6.887,0.625,VALID,(-0.057, 0.027, 0.998),(0.028, 0.000, 0.000),0.325,2.096,6.454,0.938,2,0
725701,1000003887383523500,63875744678273,(-0.017, 1.173, 0.040),(0.032, -0.014, 0.030, 0.999),VALID,(-0.058, 0.028, 0.998),(0.000, 0.000, 0.000),52.375,VALID,(-0.045, 0.028, 0.999),(-0.028, 0.000, 0.000),0.335,2.306,6.887,0.625,VALID,(-0.058, 0.028, 0.998),(0.028, 0.000, 0.000),0.324,2.089,6.454,0.938,2,0
725702,1000003887388537800,63875744678284,(-0.017, 1.173, 0.040),(0.032, -0.014, 0.030, 0.999),VALID,(-0.059, 0.029, 0.998),(0.000, 0.000, 0.000),52.375,VALID,(-0.048, 0.029, 0.998),(-0.028, 0.000, 0.000),0.333,2.296,6.887,0.624,VALID,(-0.059, 0.029, 0.998),(0.028, 0.000, 0.000),0.323,2.082,6.454,0.938,2,0
725703,1000003887393470200,63875744678284,(-0.017, 1.173, 0.040),(0.032, -0.014, 0.030, 0.999),VALID,(-0.060, 0.029, 0.998),(0.000, 0.000, 0.000),52.375,VALID,(-0.050, 0.029, 0.998),(-0.028, 0.000, 0.000),0.332,2.286,6.887,0.623,VALID,(-0.060, 0.029, 0.998),(0.028, 0.000, 0.000),0.322,2.075,6.454,0.938,2,0
725704,1000003887398490500,63875744678295,(-0.017, 1.173, 0.041),(0.032, -0.014, 0.030, 0.999),VALID,(-0.061, 0.029, 0.998),(0.000, 0.000, 0.000),52.375,VALID,(-0.053, 0.029, 0.998),(-0.028, 0.000, 0.000),0.331,2.282,6.887,0.622,VALID,(-0.061, 0.029, 0.998),(0.028, 0.000, 0.000),0.320,2.068,6.454,0.938,2,0
725705,1000003887403510800,63875744678295,(-0.017, 1.173, 0.041),(0.032, -0.014, 0.030, 0.999),VALID,(-0.062, 0.030, 0.998),(0.000, 0.000, 0.000),52.375,VALID,(-0.055, 0.030, 0.998),(-0.028, 0.000, 0.000),0.330,2.272,6.887,0.621,VALID,(-0.062, 0.030, 0.998),(0.028, 0.000, 0.000),0.319,2.060,6.454,0.938,2,0
725706,1000003887408487500,63875744678306,(-0.017, 1.173, 0.041),(0.032, -0.014, 0.030, 0.999),VALID,(-0.063, 0.030, 0.998),(0.000, 0.000, 0.000),52.375,VALID,(-0.050, 0.030, 0.998),(-0.028, 0.000, 0.000),0.328,2.262,6.887,0.621,VALID,(-0.063, 0.030, 0.998),(0.028, 0.000, 0.000),0.318,2.052,6.454,0.938,2,0
725707,1000003887413511200,63875744678306,(-0.017, 1.173, 0.041),(0.032, -0.014, 0.030, 0.999),VALID,(-0.064, 0.030, 0.998),(0.000, 0.000, 0.000),52.375,VALID,(-0.052, 0.030, 0.998),(-0.028, 0.000, 0.000),0.327,2.255,6.887,0.620,VALID,(-0.064, 0.030, 0.998),(0.028, 0.000, 0.000),0.316,2.042,6.454,0.938,2,0
725708,1000003887418546600,63875744678306,(-0.017, 1.173, 0.041),(0.032, -0.014, 0.030, 0.999),VALID,(-0.065, 0.030, 0.997),(0.000, 0.000, 0.000),52.375,VALID,(-0.054, 0.030, 0.998),(-0.028, 0.000, 0.000),0.326,2.245,6.887,0.619,VALID,(-0.065, 0.030, 0.997),(0.028, 0.000, 0.000),0.315,2.034,6.454,0.938,2,0
725709,1000003887423575300,63875744678317,(-0.016, 1.173, 0.041),(0.032, -0.013, 0.030, 0.999),VALID,(-0.065, 0.030, 0.997),(0.000, 0.000, 0.000),52.375,VALID,(-0.056, 0.030, 0.998),(-0.028, 0.000, 0.000),0.325,2.238,6.887,0.618,VALID,(-0.065, 0.030, 0.997),(0.028, 0.000, 0.000),0.314,2.027,6.454,0.938,2,0
725710,1000003887428631800,63875744678317,(-0.016, 1.173, 0.041),(0.032, -0.013, 0.030, 0.999),VALID,(-0.066, 0.030, 0.997),(0.000, 0.000, 0.000),52.375,VALID,(-0.058, 0.030, 0.998),(-0.028, 0.000, 0.000),0.324,2.230,6.887,0.616,VALID,(-0.066, 0.030, 0.997),(0.028, 0.000, 0.000),0.313,2.019,6.454,0.938,2,0
